Закупки по;Реестровый номер закупки;Способ определения поставщика (подрядчика, исполнителя), подрядной организации (размещения закупки);Наименование закупки;Этап закупки
223-ФЗ;№32312380569;Прочие;Услуги по организации и проведению выступления артиста на праздничном мероприятии «Большая городская линейка – последний звонок 2023»;Закупка завершена
223-ФЗ;№32312380544;Прочие;Поставка футболок;Закупка завершена
223-ФЗ;№32312380952;Запрос котировок в электронной форме, участниками которого могут являться только субъекты малого и среднего предпринимательства;Выполнение работ по посадке и уходу за цветами в течение сезона на территории МАУК «Парк Северный»;Подача заявок
223-ФЗ;№32312381416;Прочие;Проведение комплекса акарицидных мероприятий на территории необособленного структурного подразделения Центр детского творчества.;Подача заявок
223-ФЗ;№32312379780;Прочие;Право заключения договора на  Оказание услуг по авиаперевозке пассажиров, багажа и груза в 2023 г.;Подача заявок
223-ФЗ;№32312380154;Прочие;Поставка Шлагбаума, а также выполнение работ по монтажу, вводу Оборудования в эксплуатацию (пусконаладку);Работа комиссии
44-ФЗ;№0888600000123000023;Электронный аукцион;Поставка настольных табличек;Подача заявок
44-ФЗ;№0888600000123000022;Электронный аукцион;Поставка расходных материалов (шланг, лестница, рукав);Подача заявок
223-ФЗ;№32312380385;Прочие;Оказание услуг по созданию сайта и гайдлайна для освещения мероприятия по вопросу научно-исследовательских разработок, направленных на устойчивое развитие и освоение Арктики с участием заинтересованных лиц;Подача заявок
223-ФЗ;№32312379842;Открытый аукцион в электронной форме;Поставка видеопроекционного оборудования;Подача заявок
223-ФЗ;№32312380292;Прочие;кресло-пульт КПО-ПУМК крановщика;Закупка завершена
223-ФЗ;№32312379805;Прочие;Капитальный ремонт сетей тепловодоснабжения для нужд ООО «Компания Энергия» на 2023 год ;Подача заявок
44-ФЗ;№0347100000523000015;Электронный аукцион;Услуги по восстановлению и заправке картриджей для оргтехники (в сфере ИКТ);Подача заявок
223-ФЗ;№32312380284;Прочие;Поставка программно-аппаратного комплекса «Совместное интерактивное пространство Форум», а также монтаж, ввод Оборудования в эксплуатацию (пусконаладку), настройку, обучение и консультация персонала, в целях достижения результатов Федерального проекта «Профессионалитет»;Работа комиссии
223-ФЗ;№32312309789;Конкурс в электронной форме, участниками которого могут являться только субъекты малого и среднего предпринимательства;"Закупка № 220.1 ""Автомобильные запчасти""";Работа комиссии
223-ФЗ;№32312380636;Прочие;РКСМ-1466 Открытый конкурс в электронной форме на право заключения договора на выполнение строительно-монтажных работ в рамках исполнения обязательств по технологическому присоединению к электросетям для нужд ООО «Амурские коммунальные системы»;Подача заявок
223-ФЗ;№32312380241;Прочие;поставка металлопродукции лист г/к труба профильная ;Закупка завершена
44-ФЗ;№0338300007823000093;Электронный аукцион;Поставка облучателя фототерапевтический для новорожденных ;Подача заявок
44-ФЗ;№0888600000123000021;Электронный аукцион;Поставка канцелярских товаров;Подача заявок
44-ФЗ;№0338300042923000002;Электронный аукцион;Поставка запасных частей на вездеход ТМ-130 для нужд Администрации Пенжинского муниципального района;Подача заявок
223-ФЗ;№32312380115;Прочие;оказание шиномонтажных услуг;Закупка завершена
223-ФЗ;№32312380955;Прочие;Поставка трансформаторов тока и напряжения 3-35кВ на 2 полугодие 2023 г.;Подача заявок
44-ФЗ;№0888100000123000018;Электронный аукцион;Поставка автомобильных шин для служебного автотранспорта УМВД России по Чукотскому автономному округу в рамках государственного оборонного заказа;Работа комиссии
44-ФЗ;№0338100003723000017;Электронный аукцион;Увеличение стоимости продуктов питания(поставка молочных продуктов питания длительного хранения);Работа комиссии
223-ФЗ;№32312381401;Прочие;Поставка двигателя;Работа комиссии
223-ФЗ;№32312380061;Прочие;работы по ремонту гидроцилиндров и гидравлического оборудования;Закупка завершена
223-ФЗ;№32312380451;Прочие;Поставка блока пожарных гидрантов ;Подача заявок
223-ФЗ;№32312380054;Прочие;"Право заключения договора на поставку трубной продукции для нужд АО «ДГК» по лотам: Лот №1 (ГКПЗ №552101-РЕМ ПРОД-2023-ДГК): Трубная продукция (Под программу ПСПТЭ); Лот №2 (ГКПЗ №552103-РЕМ ПРОД-2023-ДГК): ОКПД2 24.20 «Поставка трубной продукции для обеспечения индекса готовности СП «Хабаровская ТЭЦ-1» (ИГ01ХБ1-003; ИГ01ХБ1-004; ИГ01ХБ1-007; ИГ01ХБ1-012; М01ХБ1-028), СП «Комсомольская ТЭЦ-2» (ИГ03КМ2-002; ИГ03КМ2-003; ИГ03КМ2-004; ИГ03КМ2-005; ИГ03КМ2-006; ИГ03КМ2-007; ИГ03КМ2-008)» по результатам предварительного отбора по лоту №552000-2022-ПО «Трубы черного металла и нержавеющие»";Подача заявок
223-ФЗ;№32312381343;Аукцион в электронной форме, участниками которого могут являться только субъекты малого и среднего предпринимательства;Поставка легкового автомобиля;Подача заявок
44-ФЗ;№0320200030523000010;Электронный аукцион;Микроскоп цифровой. Термогигрометр с функцией отображения давления. ;Подача заявок
44-ФЗ;№0320100020723000062;Электронный аукцион;Поставка бумажной продукции для нужд судов Приморского края;Подача заявок
223-ФЗ;№32312379958;Прочие;работы по ремонту дизельного двигателя воздушного компрессора;Закупка завершена
223-ФЗ;№32312371698;Прочие;Выполнение работ по ремонту автомобильной дороги общего пользования местного значения по Ново-Ленинской объездной автодороге с развязками от ул. Рабочего Штаба до пр. Проходной в городе Иркутске (Строительные работы) (499-23-ЗПЭ);Подача заявок
44-ФЗ;№0861300002923000183;Запрос котировок в электронной форме;Благоустройство территорий многоквартирных домов Корсаковского городского округа;Подача заявок
223-ФЗ;№32312381234;Запрос предложений в электронной форме, участниками которого могут являться только субъекты малого и среднего предпринимательства;Запрос предложений в электронной форме, участниками которого могут быть только субъекты малого и среднего предпринимательства, по выбору поставщика на право заключения договора на поставку посуды лабораторной;Подача заявок
223-ФЗ;№32312381224;Запрос предложений в электронной форме, участниками которого могут являться только субъекты малого и среднего предпринимательства;Запрос предложений в электронной форме, участниками которого могут быть только субъекты малого и среднего предпринимательства, по выбору поставщика на право заключения договора на поставку изложниц;Подача заявок
223-ФЗ;№32312379465;Закупка у единственного поставщика (подрядчика, исполнителя);Техническое обслуживание воздушного судна Ан-74 RA-74050  ;Закупка завершена
223-ФЗ;№32312342158;Прочие;Канцелярия на 2-е полугодие 2023г.;Подача заявок
223-ФЗ;№32312381188;Аукцион в электронной форме, участниками которого могут являться только субъекты малого и среднего предпринимательства;Поставка термосов  армейских металлических;Подача заявок
223-ФЗ;№32312379843;Прочие;Услуги по выдаче и/или удостоверению: сертификатов и деклараций;Закупка завершена
223-ФЗ;№32312322010;Прочие;ОКПД2 42.91.10.160 Выполнение работ по креплению правобережного склона в верхнем бьефе ниже технологического проезда к опоре запани на участке 150м и креплению откосов автодороги правого берега на отм. 272 от ПК 16+00 до створа гидроузла в рамках завершающего этапа строительства Усть-Среднеканской ГЭС на р. Колыма.;Подача заявок
223-ФЗ;№32312381168;Прочие;№22/223/А23 на поставку термометров медицинских, безртутных для нужд Тюменского кардиологического научного центра;Подача заявок
44-ФЗ;№0320300159823000002;Электронный аукцион;Выполнение работ по капитальному ремонту системы автоматической пожарной сигнализации (АПС) и системы оповещения и управления эвакуацией людей при пожаре (СОУЭ) МБОУ «ООШ № 19» с.Славинка  Спасского района Приморского края по адресу: Приморский край, Спасский район, с.Славинка, ул.Преображенская, 1А;Работа комиссии
44-ФЗ;№0338100005523000007;Электронный аукцион;Приобретение бактерицидной лампы;Определение поставщика завершено
44-ФЗ;№0338100005523000006;Электронный аукцион;Приобретение уничтожителя бумаги;Определение поставщика завершено
44-ФЗ;№0161100002923000050;Электронный аукцион;Поставка горюче-смазочных материалов (масел и специальных жидкостей) для нужд Главного управления МЧС России по Сахалинской области в рамках гособоронзаказа.;Подача заявок
223-ФЗ;№32312381128;Конкурс в электронной форме, участниками которого могут являться только субъекты малого и среднего предпринимательства;Поставка общедомовых приборов учета и/или комплектующих к ним;Подача заявок
44-ФЗ;№0861600000223000167;Открытый конкурс в электронной форме;Внесение изменений в генеральный план, правила землепользования и застройки муниципального образования Тымовский городской округ;Подача заявок
223-ФЗ;№32312380647;Прочие;Оказание услуг по проведению контроля эксплуатационных параметров рентгеновских аппаратов, измерению мощьности дозы рентгеновского излучения, измерению не радиационных факторов и контролю защитной эффективности средств радиационной защиты с оформлением технических паспортов на рентгенодиагностические кабинеты.;Подача заявок
223-ФЗ;№32312379766;Аукцион в электронной форме, участниками которого могут являться только субъекты малого и среднего предпринимательства;Оказание услуг по заправке и восстановлению картриджей;Подача заявок
223-ФЗ;№32312380629;Прочие;Оказание услуг по проведению специальной оценке условий труда ;Подача заявок
223-ФЗ;№32312232691;Конкурс в электронной форме, участниками которого могут являться только субъекты малого и среднего предпринимательства;Конкурс в электронной форме № 23-1025 на право заключения договора подряда на выполнение работ по строительству: ВЛ 0,4-10 кВ, КЛ 0,4-10 кВ, ТП-6-10/0,4 кВ, реклоузеров 6-10 кВ, ячеек КРУ, КСО 6-10 кВ, низковольтных панелей и щитов 0,4 кВ, для технологического присоединения энергопринимающих устройств заявителей в рамках исполнения договоров ТП в зоне обслуживания Шебалинского РЭС (Шебалинский район), Усть-Канского РЭС (Усть-Канский район), Онгудайского РЭС (Онгудайский район)  ПО ГАЭС филиала ПАО «Россети Сибирь» - «Алтайэнерго», с разработкой проектно-сметной документации и проведением инженерно-геодезических изысканий для нужд филиала ПАО «Россети Сибирь» - «Алтайэнерго»;Работа комиссии
223-ФЗ;№32312380608;Конкурс в электронной форме, участниками которого могут являться только субъекты малого и среднего предпринимательства;"Выполнение работ по тепловой изоляции на объекте: ""Паровой котёл 4 Инв.№ ИЭ044875. Техническое перевооружение с заменой полуполей 2-А, 2-Б электрофильтра К-4"" Ново-Зиминская ТЭЦ";Подача заявок
44-ФЗ;№0338100005523000005;Электронный аукцион;Приобретение сейфа и металлического шкафа;Определение поставщика завершено
44-ФЗ;№0822200001523000054;Электронный аукцион;Услуги по заправки картриджей;Подача заявок
44-ФЗ;№0338200008723000003;Электронный аукцион на проведение работ по строительству, реконструкции, кап. ремонту, сносу объекта кап. строительства в соответствии с п. 8 ч. 1 ст. 33 Закона № 44-ФЗ;"Реконструкция мостового перехода через р. Железная - 2 на 12 км автомобильной дороги ""Садовое кольцо"" в Елизовском районе Камчатского края";Работа комиссии
223-ФЗ;№32312381000;Запрос котировок в электронной форме, участниками которого могут являться только субъекты малого и среднего предпринимательства;Поставка кресел офисных;Подача заявок
44-ФЗ;№0347100001923000051;Электронный аукцион;"Закупка на поставку лекарственные препараты группы ЖНВЛП (органы чувств) для ФКУЗ ""МСЧ МВД России по Магаданской области""";Подача заявок
223-ФЗ;№32312380547;Запрос котировок в электронной форме, участниками которого могут являться только субъекты малого и среднего предпринимательства;Поставка расходных материалов (изолента);Подача заявок
44-ФЗ;№1200700051123000001;Открытый конкурс в электронной форме для заключения договора на проведение аудита бухгалтерской (финансовой) отчетности (согласно ч. 4 ст. 5 Федерального закона от 30.12.2008г. № 307-ФЗ);Услуги по проведению финансового аудита;Работа комиссии
223-ФЗ;№32312380151;Прочие;оказание эксплуатационных услуг в административном здании;Работа комиссии
223-ФЗ;№32312380145;Закупка у единственного поставщика (подрядчика, исполнителя);Поставка материалов для декораций;Закупка завершена
223-ФЗ;№32312380144;Закупка у единственного поставщика (подрядчика, исполнителя);Оказание услуг по пошиву сценических костюмов;Закупка завершена
223-ФЗ;№32312380142;Закупка у единственного поставщика (подрядчика, исполнителя);Оказание гостиничных услуг;Закупка завершена
223-ФЗ;№32312380972;Прочие;Выполнение работ по ремонту трубопровода отопления в лотке, по адресу: ул. Связистов, 151а ;Работа комиссии
223-ФЗ;№32312380135;Закупка у единственного поставщика (подрядчика, исполнителя);Поставка изделий из войлока;Закупка завершена
223-ФЗ;№32312380133;Аукцион в электронной форме, участниками которого могут являться только субъекты малого и среднего предпринимательства;Оказание услуг по техническому обслуживанию ИФА анализатора AbbottArchitect;Подача заявок
223-ФЗ;№32312380128;Аукцион в электронной форме, участниками которого могут являться только субъекты малого и среднего предпринимательства;"Поставка расходного материала для нужд ГБУ РС (Я) ""Нерюнгринская ЦРБ""";Подача заявок
223-ФЗ;№32312361984;Запрос котировок в электронной форме, участниками которого могут являться только субъекты малого и среднего предпринимательства;Право заключения договора на «ОКПД2 28.99.39.190 Поставка агрегатов воздушного отопления, светильников и сопутствующих материалов для вновь монтируемых зданий в рамках комплекса ген-подрядных работ для реализации проекта «Строительство Хабаровской ТЭЦ-4 с внеплощадочной инфраструктурой», Этап 2» (Лот № 0319-КС ДОХ-2023-УСГС);Подача заявок
223-ФЗ;№32312380110;Прочие;Оказание услуг по проведению лабораторных исследований (группа крови, резус-фактор);Подача заявок
44-ФЗ;№0338200008723000002;Электронный аукцион на проведение работ по строительству, реконструкции, кап. ремонту, сносу объекта кап. строительства в соответствии с п. 8 ч. 1 ст. 33 Закона № 44-ФЗ;"Реконструкция мостового перехода через р. Железная - 1 на 9 км автомобильной дороги ""Садовое кольцо"" в Елизовском районе Камчатского края";Работа комиссии
44-ФЗ;№0320300031123000093;Запрос котировок в электронной форме;"Выполнение проектно-изыскательских работ по объекту: ""Строительство подъездных автомобильных дорог, проездов в микрорайоне в границах ул.Анучинская""";Подача заявок
44-ФЗ;№0222100000123000065;Электронный аукцион;оказание услуг в 2023 году по перевозке авиационным транспортом льготных категорий граждан к месту лечения и обратно по направлениям органов исполнительной власти в сфере здравоохранения Хабаровского края и ЕАО;Подача заявок
223-ФЗ;№32312380935;Запрос предложений в электронной форме, участниками которого могут являться только субъекты малого и среднего предпринимательства;Разработка проектной сметной документации на капитальный ремонт кровли и перекрытий третьего этажа;Подача заявок
223-ФЗ;№32312373354;Аукцион в электронной форме, участниками которого могут являться только субъекты малого и среднего предпринимательства;Право заключения договора по лоту: ОКПД2 23.63 Поставка бетонных смесей для выполнения строительно-монтажных работ в рамках комплекса генподрядных работ реализации проекта «Строительство Хабаровской ТЭЦ-4 с внеплощадочной инфраструктурой. Этап 2» (Лот №0347-КС ДОХ-2023-УСГС);Подача заявок
223-ФЗ;№32312378671;Закупка у единственного поставщика (подрядчика, исполнителя);Услуги по финансовой аренде (лизингу/сублизингу) бульдозера;Закупка завершена
223-ФЗ;№32312370308;Аукцион в электронной форме, участниками которого могут являться только субъекты малого и среднего предпринимательства;Поставка систем для переливания растворов и крови;Подача заявок
44-ФЗ;№0120600003023000034;Электронный аукцион;Замена окон в муниципальном жилом помещений по адресу: пгт. Преображение, ул. Аэропортная, д. 5, кв. 11;Подача заявок
44-ФЗ;№0822100000623000124;Электронный аукцион;поставка бумаги для офисной техники белой для нужд УМВД России по Хабаровскому краю на 4 квартал 2024 года;Подача заявок
44-ФЗ;№0338300003323000085;Электронный аукцион;Приобретение расходного материала для сбора, хранения и утилизации медицинских отходов для ГБУЗ КК ВГБ-2;Подача заявок
44-ФЗ;№0322100004723000119;Электронный аукцион;Поставка диагностических реагентов для гемоанализатора (DREW 3- PAC);Подача заявок
44-ФЗ;№0361300003023000103;Электронный аукцион;Поставка игл для видеоэндоскопического комплекса KARL STORZ с электрокоагулятором ELECTROSURGICAL GENERATOR;Подача заявок
223-ФЗ;№32312380458;Прочие;Поставка анализатора рентгенофлуоресцентного SciAps X-200;Закупка завершена
44-ФЗ;№0888600000223000003;Электронный аукцион;Приобретение и поставка горюче-смазочных материалов;Определение поставщика завершено
44-ФЗ;№0538300000223000021;Электронный аукцион;Выполнение проектных работ по объекту: «Капитальный ремонт административного здания и здания хлораторной Авачинского водозабора»;Определение поставщика завершено
223-ФЗ;№32312380442;Прочие;Приобретение КПБ;Закупка завершена
223-ФЗ;№32312380029;Прочие;Поставка якоря возбудителя ВТ-75-3000 для нужд филиала ПАО «ТГК-14» Читинская Генерация (3314625);Подача заявок
223-ФЗ;№32312351496;Конкурс в электронной форме, участниками которого могут являться только субъекты малого и среднего предпринимательства;Поставка металлической мебели во 2-м полугодии 2023 года;Подача заявок
223-ФЗ;№32312379550;Открытый аукцион в электронной форме;Аварийно-спасательное оборудование и принадлежности;Подача заявок
44-ФЗ;№0320200025723000063;Запрос котировок в электронной форме;Оказание услуг по организации рекламной компании о проведении в Приморском крае второго этапа Всероссийской ярмарки трудоустройства «Работа России. Время возможностей».;Подача заявок
44-ФЗ;№0320200025723000062;Запрос котировок в электронной форме;"Оказание  услуг по изготовлению и поставке сувенирной и печатной продукции для КГКУ ""ПЦЗН"" (буклеты и благодарственные письма)";Подача заявок
44-ФЗ;№0338200009923000048;Электронный аукцион;Оказание услуг спутниковой телефонной связи Иридиум;Определение поставщика завершено
44-ФЗ;№0138100004923000014;Электронный аукцион;Поставка автомобильного топлива для самостоятельного  участка Усть-Камчатской  межрайонной прокуратуры в п. Ключи Камчатского края ;Определение поставщика завершено
44-ФЗ;№0320200025723000061;Запрос котировок в электронной форме;Оказание услуг по производству информационных роликов и размещению на медиафасадах остановочных павильонов о проведении в Приморском крае второго этапа Всероссийской ярмарки трудоустройства «Работа России. Время возможностей»;Подача заявок
44-ФЗ;№0820500000823003026;Электронный аукцион;Продление неисключительного права использования электронной базы данных;Подача заявок
223-ФЗ;№32312380847;Конкурс в электронной форме, участниками которого могут являться только субъекты малого и среднего предпринимательства;Конкурс в электронной форме № 23-1049 на право заключения договора подряда на осуществление работ по разработке проектно-сметной документации и проведению инженерно-геодезических изысканий, с последующим выполнением работ по строительству ВЛ 6/10-0,4 кВ ф. 102-8, ТП -6/0,4 кВ с силовым трансформатором 630 кВА и вакуумным выключателем BB/TEL для технологического присоединения электроустановки базы отдыха «Зеленый мыс», расположенной по адресу: Красноярский край, г. Дивногорск, участок в районе Красноярского водохранилища, кадастровый номер 24:46:2501002:31 для нужд филиала ПАО «Россети Сибирь» - «Красноярскэнерго»;Подача заявок
223-ФЗ;№32312380842;Прочие;Запрос цен по результатам предварительного отбора № 23-6068 на право заключения договора подряда на выполнение работ по строительству ВЛ 0,4-10 кВ, установке ТП 10/0,4 кВ и ПУ 10/0,4 кВ, для технологического присоединения энергопринимающих устройств заявителей в рамках исполнения договоров ТП в зоне обслуживания Емельяновского РЭС ПО КЭС с разработкой проектно-сметной документации и проведением инженерно-геодезических изысканий (лот 11-Ем. РЭС Устюгский СС) для нужд филиала ПАО «Россети Сибирь» - «Красноярскэнерго»;Подача заявок
223-ФЗ;№32312380841;Прочие;Запрос цен по результатам предварительного отбора № 23-6067 на право заключения договора подряда на выполнение работ по строительству ВЛ 0,4-10 кВ, КЛ 0,4 кВ, установке ТП 10/0,4 кВ, ЩР 0,4 кВ и ПУ 10/0,4 кВ, для технологического присоединения энергопринимающих устройств заявителей в рамках исполнения договоров ТП в зоне обслуживания Емельяновского РЭС ПО КЭС с разработкой проектно-сметной документации и проведением инженерно-геодезических изысканий (лот 17-Ем. РЭС Элитовский СС-1) для нужд филиала ПАО «Россети Сибирь» - «Красноярскэнерго»;Подача заявок
44-ФЗ;№0891100000423000067;Электронный аукцион;Выполнение работ по ремонту и техническому обслуживанию служебного автотранспорта марки ГАЗ в рамках государственного оборонного заказа в 2024 году;Работа комиссии
223-ФЗ;№32312379527;Прочие;Поставка фронтальных колёсных погрузчиков в количестве 2-х единиц;Подача заявок
223-ФЗ;№32312380838;Прочие;Запрос цен по результатам предварительного отбора № 23-6066 на право заключения договора подряда на выполнение работ по техническому перевооружению с установкой реклоузеров на отпайках потребительских ВЛ 6-10 кВ Тяжинский РЭС, Чебулинский РЭС для нужд филиала ПАО «Россети Сибирь» - «Кузбассэнерго-РЭС»;Подача заявок
44-ФЗ;№0138300005423000038;Электронный аукцион;"Приобретение тепловизорного монокуляра iRay Cabin CBL 19 или ""эквивалент""";Подача заявок
223-ФЗ;№32312380831;Прочие;Запрос цен по результатам предварительного отбора № 23-6065 на право заключения договора подряда на выполнение работ по техническому перевооружению с установкой реклоузеров на отпайках потребительских ВЛ 6-10 кВ Осинниковский РЭС для нужд филиала ПАО «Россети Сибирь» - «Кузбассэнерго-РЭС» ;Подача заявок
223-ФЗ;№32312380826;Прочие;Запрос цен по результатам предварительного отбора № 23-6064 на право заключения договора подряда на выполнение работ по техническому перевооружению с установкой реклоузеров на отпайках потребительских ВЛ 6-10 кВ Новокузнецкий РЭС, Кондомский РЭС, Мысковский РЭС для нужд филиала ПАО «Россети Сибирь» - «Кузбассэнерго-РЭС»;Подача заявок
44-ФЗ;№0816500000623008679;Электронный аукцион;Поставка медицинских изделий;Подача заявок
44-ФЗ;№0302100013123000064;Электронный аукцион;поставка расходных материалов к печатным устройствам для нужд районных (городских), гарнизонных военных судов Республики Бурятия;Определение поставщика отменено
44-ФЗ;№0116300000123000631;Электронный аукцион;оказание услуг по сносу и вывозу бесхозных объектов;Подача заявок
223-ФЗ;№32312380384;Запрос котировок в электронной форме, участниками которого могут являться только субъекты малого и среднего предпринимательства;Молоко питьевое пастеризованное;Подача заявок
223-ФЗ;№32312379943;Запрос котировок в электронной форме, участниками которого могут являться только субъекты малого и среднего предпринимательства;Приобретение молока ультрапастеризованного питьевого (жирность 3,2%);Подача заявок
223-ФЗ;№32312373909;Прочие;Поставка средств индивидуальной защиты;Подача заявок
44-ФЗ;№0120300006523000093;Электронный аукцион;Выполнение работ по  содержанию территорий общего пользования, не переданных в аренду или собственность  (выкашивание зеленых зон), в населенных пунктах Уссурийского городского округа;Подача заявок
223-ФЗ;№32312379928;Аукцион в электронной форме, участниками которого могут являться только субъекты малого и среднего предпринимательства;"Поставка расходного материала для мониторирования глюкозы (ОДЭГ ПДЦ) для выполнения ВТМП по профилю «Педиатрия»""";Подача заявок
223-ФЗ;№32312379925;Аукцион в электронной форме, участниками которого могут являться только субъекты малого и среднего предпринимательства;"Поставка наборов реагентов для установленного в лаборатории анализатора для ГБУ РС (Я) ""Нерюнгринская ЦРБ""";Подача заявок
223-ФЗ;№32312379920;Запрос котировок в электронной форме, участниками которого могут являться только субъекты малого и среднего предпринимательства;"Поставка двигателя Д260.2-544 для нужд ГУП ""ЖКХ РС(Я)""";Подача заявок
44-ФЗ;№0891200000623004867;Электронный аукцион;Оказание услуги по технической поддержке программного обеспечения медицинской информационной системы qMS (00005092-ЭА);Подача заявок
44-ФЗ;№0120300006523000092;Электронный аукцион;Выполнение работ по содержанию территорий прилегающих к пожарным резервуарам, пирсам, информационным стендам;Подача заявок
223-ФЗ;№32312379918;Аукцион в электронной форме, участниками которого могут являться только субъекты малого и среднего предпринимательства;Поставка пластика для ЭКО (ОВРТ) для оказания платных услуг;Подача заявок
223-ФЗ;№32312379488;Аукцион в электронной форме, участниками которого могут являться только субъекты малого и среднего предпринимательства;Поставка линолеума и комплектующих для нужд «Приморского океанариума» - филиала ННЦМБ ДВО РАН.;Подача заявок
223-ФЗ;№32312379917;Аукцион в электронной форме, участниками которого могут являться только субъекты малого и среднего предпринимательства;Поставка моющих средств для прачечной;Подача заявок
223-ФЗ;№32312379907;Аукцион в электронной форме, участниками которого могут являться только субъекты малого и среднего предпринимательства;Поставка расходного материала для офтальмологических операций;Подача заявок
223-ФЗ;№32312379906;Аукцион в электронной форме, участниками которого могут являться только субъекты малого и среднего предпринимательства;Поставка лекарственных препаратов из группы антибиотиков;Подача заявок
223-ФЗ;№32312379902;Прочие;Поставка биохимического анализатора;Подача заявок
223-ФЗ;№32312379900;Прочие;Оказание услуг по экспертной оценке количества жидкого котельного топлива в период навигации 2023;Подача заявок
44-ФЗ;№0138100004723000013;Электронный аукцион;Приобретение аккумуляторов для ИБП;Работа комиссии
223-ФЗ;№32312379896;Прочие;"Выполнение работ по текущему ремонту помещений третьего этажа ГАУ РС (Я) ""Поликлиника №1""";Подача заявок
223-ФЗ;№32312380358;Запрос котировок в электронной форме, участниками которого могут являться только субъекты малого и среднего предпринимательства;Поставка изделий медицинского назначения;Подача заявок
223-ФЗ;№32312380766;Запрос котировок в электронной форме, участниками которого могут являться только субъекты малого и среднего предпринимательства;Поставка запорной арматуры;Подача заявок
223-ФЗ;№32312379893;Аукцион в электронной форме, участниками которого могут являться только субъекты малого и среднего предпринимательства;Поставка интерактивного комплекса с вычислительным блоком и мобильным креплением;Подача заявок
223-ФЗ;№32312379095;Прочие;Выполнение работ по замене участка кабельных линий ИВЦ и ТП4 в подземном сооружении (канале трубопровода ХВС и кабельных линий) от места ввода в канал трубопровода ХВС до здания ИВЦ и ТП4, расположенных на территории ПАО «Магаданский Морской торговый порт»;Подача заявок
223-ФЗ;№32312379887;Аукцион в электронной форме, участниками которого могут являться только субъекты малого и среднего предпринимательства;Поставка расходного материала для АИК для ОАРИТ РКСЦ ;Подача заявок
44-ФЗ;№0322500000523000002;Запрос котировок в электронной форме;Поставка гигрометров психрометрических, термометров бытовых жидкостных;Подача заявок
44-ФЗ;№0891200000623004622;Запрос котировок в электронной форме;Поставка кроватей больничных (00004793-ЗКвЭФ);Работа комиссии
44-ФЗ;№0320200023523000049;Электронный аукцион;Поставка стендов информационных;Подача заявок
44-ФЗ;№0320200023523000048;Электронный аукцион;Поставка реабилитационного оборудования для альтернативной коммуникации;Подача заявок
44-ФЗ;№0138600001623000020;Электронный аукцион;№32937-2023-ЭА-15 Услуги по ликвидации несанкционированных свалок;Определение поставщика завершено
44-ФЗ;№0820500000823003025;Электронный аукцион;Говядина;Подача заявок
223-ФЗ;№32312380731;Запрос котировок в электронной форме, участниками которого могут являться только субъекты малого и среднего предпринимательства;Поставка аппарата для ароматизации помещений;Подача заявок
44-ФЗ;№0816500000623008243;Электронный аукцион;Поставка медицинского оборудования (облучатель, рециркуляторы);Подача заявок
44-ФЗ;№0320200023523000047;Электронный аукцион;Поставка шин пневматических для автобусов;Подача заявок
44-ФЗ;№0820500000823002915;Электронный аукцион;оборудование офисное и его части;Подача заявок
44-ФЗ;№0861600000223000153;Электронный аукцион;Приобретение жилого помещения (квартиры) на первичном рынке;Определение поставщика завершено
44-ФЗ;№0861600000223000156;Электронный аукцион;Приобретение жилого помещения (квартиры) на первичном рынке;Определение поставщика завершено
44-ФЗ;№0861600000223000152;Электронный аукцион;Приобретение жилого помещения (квартиры) на первичном рынке;Определение поставщика завершено
44-ФЗ;№0861600000223000154;Электронный аукцион;Приобретение жилого помещения (квартиры) на первичном рынке;Определение поставщика завершено
44-ФЗ;№0861600000223000155;Электронный аукцион;Приобретение жилого помещения (квартиры) на первичном рынке;Определение поставщика завершено
223-ФЗ;№32312380708;Аукцион в электронной форме, участниками которого могут являться только субъекты малого и среднего предпринимательства;Поставка радиотехнического оборудования;Подача заявок
44-ФЗ;№0391100004223000104;Электронный аукцион;Поставка лекарственных препаратов влияющих на кроветворение  кровь (ривороксабан);Работа комиссии
44-ФЗ;№0816500000623009428;Запрос котировок в электронной форме;Поставка диспенсеров;Подача заявок
223-ФЗ;№32312380698;Прочие;"Выполнение работ по монтажу водогрейного котла для нужд филиала ФБУЗ ""Центр гигиены и эпидемиологии в Алтайском крае в г.Заринске""";Подача заявок
44-ФЗ;№0820500000823003024;Электронный аукцион;печень говяжья, свинина;Подача заявок
44-ФЗ;№0816500000623009427;Запрос котировок в электронной форме;Поставка дозаторов;Подача заявок
44-ФЗ;№0820500000823003023;Электронный аукцион;Поверка средств измерений;Подача заявок
44-ФЗ;№0122200002523001985;Электронный аукцион;Оказание услуг по очистке и дезинфекции систем вентиляции;Определение поставщика завершено
44-ФЗ;№0861600000223000157;Электронный аукцион;Приобретение жилого помещения (квартиры) на первичном рынке;Определение поставщика завершено
44-ФЗ;№0861600000223000158;Электронный аукцион;Приобретение жилого помещения (квартиры) на первичном рынке;Определение поставщика завершено
44-ФЗ;№0861600000223000159;Электронный аукцион;Приобретение жилого помещения (квартиры) на первичном рынке;Определение поставщика завершено
44-ФЗ;№0322100001723000018;Запрос котировок в электронной форме;Поставка дизельного топлива;Подача заявок
44-ФЗ;№0861600000223000160;Электронный аукцион;Приобретение жилого помещения (квартиры) на первичном рынке;Определение поставщика завершено
44-ФЗ;№0861600000223000162;Электронный аукцион;Приобретение жилого помещения (квартиры) на первичном рынке;Определение поставщика завершено
44-ФЗ;№0820500000823003022;Электронный аукцион;Поставка продуктов питания на 3-4 квартал 2023г. (мясо свинины, соль пищевая);Подача заявок
44-ФЗ;№0861600000223000164;Электронный аукцион;Приобретение жилого помещения (квартиры) на первичном рынке;Определение поставщика завершено
44-ФЗ;№0816500000623009426;Запрос котировок в электронной форме;Поставка медицинских расходных материалов (Смесь для кислородных коктейлей );Подача заявок
44-ФЗ;№0122200002523001979;Электронный аукцион;Оказание услуг по заправке и восстановлению картриджей;Определение поставщика завершено
44-ФЗ;№0320200023623000052;Электронный аукцион;Поставка смесителей водоразборных.;Определение поставщика завершено
44-ФЗ;№0820500000823003021;Электронный аукцион;Поставка продуктов питания (куриное филе);Подача заявок
44-ФЗ;№0120300006723000063;Электронный аукцион;Поставка шин пневматических для автотранспортных средств;Определение поставщика завершено
223-ФЗ;№32312379796;Прочие;Выполнение работ по проведению зачистки резервуаров от темных нефтепродуктов на территории нефтесклада Усть-Татта филиала «Нижне-Бестяхская нефтебаза» АО «Саханефтегазсбыт» в 2023 году;Подача заявок
223-ФЗ;№32312341008;Аукцион в электронной форме, участниками которого могут являться только субъекты малого и среднего предпринимательства;«Ремонт служебных помещений п. Усть-Омчуг» для нужд филиала «Магаданэнергосбыт» ПАО «Магаданэнерго» (1668.1);Подача заявок
44-ФЗ;№0120300018923000037;Электронный аукцион;Выполнение работ по ремонту участка дорожного полотна в районе ул. Нейбута, 24а ст.4, г. Владивосток.;Подача заявок
44-ФЗ;№0320200009223000041;Запрос котировок в электронной форме;Поставка средств индивидуальной защиты рук и головы для работников;Подача заявок
223-ФЗ;№32312380272;Запрос предложений в электронной форме, участниками которого могут являться только субъекты малого и среднего предпринимательства;Поставка и монтаж автоматизированной системы измерения веса и объема APACHE или эквивалент.;Подача заявок
223-ФЗ;№32312252910;Прочие;Поставка дизельного топлива для нужд ООО «КЭСКО»;Подача заявок
44-ФЗ;№0122200002523001975;Электронный аукцион;Поставка запасных частей для автомобилей;Определение поставщика завершено
44-ФЗ;№0861600000223000161;Электронный аукцион;Приобретение жилого помещения (квартиры) на первичном рынке;Определение поставщика завершено
44-ФЗ;№0820500000823003020;Электронный аукцион;Поставка кондиционера бытового;Подача заявок
44-ФЗ;№0861600000223000163;Электронный аукцион;Приобретение жилого помещения (квартиры) на первичном рынке;Определение поставщика завершено
44-ФЗ;№0861600000223000166;Электронный аукцион;Приобретение жилого помещения (квартиры) на первичном рынке;Определение поставщика завершено
44-ФЗ;№0161300001723000048;Открытый конкурс в электронной форме;Внесение изменений в генеральный план и в правила землепользования и застройки;Определение поставщика завершено
44-ФЗ;№0861600000223000165;Электронный аукцион;Приобретение жилого помещения (квартиры) на первичном рынке;Определение поставщика завершено
44-ФЗ;№0891200000623005055;Электронный аукцион;Поставка аккумуляторов для автомобилей (00005186-ЭА);Подача заявок
44-ФЗ;№0316100017623000014;Электронный аукцион;Поставка спасательных жилетов;Подача заявок
44-ФЗ;№0320200023623000051;Электронный аукцион;Поставка светильников светодиодных внутреннего освещения.;Определение поставщика завершено
44-ФЗ;№0122200002523001960;Электронный аукцион;Поставка медицинских изделий: Аппарат искусственной вентиляции легких анестезиологический , ввод в эксплуатацию, обучение правилам эксплуатации специалистов, эксплуатирующих медицинские изделия.;Определение поставщика завершено
44-ФЗ;№0139300019723000124;Электронный аукцион;Приобретение 1 квартиры по региональной адресной программе «Переселение граждан из многоквартирных домов, признанных до 01.01.2017 в установленном порядке аварийными и подлежащими сносу или реконструкции» на 2019-2025гг. в многоквартирных жилых домах в Прокопьевском городском округе;Подача заявок
44-ФЗ;№0320200008323000013;Электронный аукцион;МНН: Торасемид;Определение поставщика завершено
44-ФЗ;№0122200002523001949;Электронный аукцион на проведение работ по строительству, реконструкции, кап. ремонту, сносу объекта кап. строительства в соответствии с п. 8 ч. 1 ст. 33 Закона № 44-ФЗ;Выполнение работ по капитальному ремонту системы пожарной сигнализации и системы оповещения и управления эвакуацией людей при пожаре;Определение поставщика завершено
223-ФЗ;№32312380261;Запрос котировок в электронной форме, участниками которого могут являться только субъекты малого и среднего предпринимательства;Оказание услуг по техническому обслуживанию и ремонту автотранспортных средств;Подача заявок
44-ФЗ;№0320200030723000063;Запрос котировок в электронной форме;Пробирки вакуумные для взятия образцов крови ИВД, с натрия цитратом.;Подача заявок
44-ФЗ;№0820600002023000102;Электронный аукцион;Поставка опор наружного освещения железобетонных;Подача заявок
223-ФЗ;№32312380635;Запрос котировок в электронной форме, участниками которого могут являться только субъекты малого и среднего предпринимательства;Поставка клапанов обратных;Подача заявок
223-ФЗ;№32312380252;Запрос котировок в электронной форме, участниками которого могут являться только субъекты малого и среднего предпринимательства;Оказание услуг по стирке белья;Подача заявок
44-ФЗ;№0820500000823003019;Электронный аукцион;Поставка копировально-множительной техники;Подача заявок
44-ФЗ;№0147100000723000011;Электронный аукцион;Поставка канцелярских товаров и принадлежностей;Работа комиссии
44-ФЗ;№0891200000623005054;Электронный аукцион;Приобретение котла водогрейного КВр-0,5 МВт для котельной МОУ Средне Борзинская СОШ (00005283-ЭА);Подача заявок
44-ФЗ;№0120300006523000091;Электронный аукцион;Оказание информационных услуг по опубликованию муниципальных правовых актов и иной официальной информации органов местного самоуправления Уссурийского городского округа в периодическом печатном издании;Подача заявок
44-ФЗ;№0391100021123000067;Электронный аукцион;"Закупка лабораторных материалов для нужд ФБУЗ ""Центр гигиены и эпидемиологии в Забайкальском крае""";Работа комиссии
223-ФЗ;№32312370401;Запрос котировок в электронной форме, участниками которого могут являться только субъекты малого и среднего предпринимательства;Поставка самоспасателей фильтрующих ГДЗК;Подача заявок
223-ФЗ;№32312380623;Аукцион в электронной форме, участниками которого могут являться только субъекты малого и среднего предпринимательства;Поставка медицинских изделий (Степлер циркулярный внутрипросветный, одноразового использования);Подача заявок
44-ФЗ;№0139300019723000123;Электронный аукцион;Приобретение 1 квартиры по региональной адресной программе «Переселение граждан из многоквартирных домов, признанных до 01.01.2017 в установленном порядке аварийными и подлежащими сносу или реконструкции» на 2019-2025гг. в многоквартирных жилых домах в Прокопьевском городском округе;Подача заявок
44-ФЗ;№0138300000423000404;Электронный аукцион;Услуги по цветочному оформлению цветников и содержанию зеленых насаждений Октябрьского района, Горизонта, Северо-Востока;Подача заявок
223-ФЗ;№32312381604;Прочие;Поставка реагентов для лабораторного анализа;Работа комиссии
44-ФЗ;№0123200000323000953;Электронный аукцион;"Поставка лекарственного препарата для медицинского применения ""Метотрексат"" для оказания отдельным категориям граждан социальной услуги по обеспечению лекарственными препаратами для медицинского применения по рецептам, а так же специализированными продуктами лечебного питания для детей-инвалидов";Подача заявок
44-ФЗ;№0147100000323000016;Электронный аукцион;Двигатель лодочный подвесной;Определение поставщика завершено
44-ФЗ;№0320200023623000050;Электронный аукцион;Поставка гибкой подводки.;Определение поставщика завершено
223-ФЗ;№32312381598;Закупка у единственного поставщика (подрядчика, исполнителя);Поставка битума БНД 70/100;Работа комиссии
223-ФЗ;№32312381597;Аукцион в электронной форме, участниками которого могут являться только субъекты малого и среднего предпринимательства;Поставка расходных материалов для лаборатории ( реактивы);Подача заявок
44-ФЗ;№0320100032123000076;Запрос котировок в электронной форме;Оборудование;Подача заявок
44-ФЗ;№0322200030423000075;Запрос котировок в электронной форме;Поставка витаминно-минерального комплекса;Подача заявок
223-ФЗ;№32312381587;Прочие;Тест Аукцион 1 ч;Подача заявок
223-ФЗ;№32312381584;Запрос котировок в электронной форме, участниками которого могут являться только субъекты малого и среднего предпринимательства;Поставка вакцины для животных.;Подача заявок
44-ФЗ;№0161300000123000495;Запрос котировок в электронной форме;Выполнение работ по текущему ремонту помещений, расположенных по адресу: г. Южно-Сахалинск, ул. Ленина, 283 (каб. №17, лестничная клетка и коридор цокольного этажа, замена унитазов);Подача заявок
44-ФЗ;№0378300011923000053;Электронный аукцион;Поставка цветочной продукции из живых цветов (живые цветы, букеты и композиции из живых цветов) в  упаковке для обеспечения нужд мэрии города муниципального образования «Город Биробиджан» Еврейской автономной области в 2023 году;Подача заявок
44-ФЗ;№0123200000323000952;Электронный аукцион;Поставка продуктов питания;Подача заявок
44-ФЗ;№0816500000623009224;Электронный аукцион;Поставка системы обогрева всего тела на основе электроодеяла;Подача заявок
44-ФЗ;№0139300019723000122;Электронный аукцион;Приобретение 1 квартиры по региональной адресной программе «Переселение граждан из многоквартирных домов, признанных до 01.01.2017 в установленном порядке аварийными и подлежащими сносу или реконструкции» на 2019-2025гг. в многоквартирных жилых домах в Прокопьевском городском округе;Подача заявок
223-ФЗ;№32312380603;Закупка у единственного поставщика (подрядчика, исполнителя);Проведение инженерно-геологических и геодезических изысканий в рамках выполнения работ по разработке системы наружного мачтового освещения регбийного поля (плоскостного сооружения), расположенного по адресу: г. Красноярск, ул. Маерчака, 57;Закупка завершена
44-ФЗ;№0361200015023002702;Электронный аукцион;Поставка топливозаправщика аэродромного;Подача заявок
44-ФЗ;№0820500000823003018;Электронный аукцион;Поставка продуктов питания (Рыба лососевая мороженая,консервы рыбные натуральные - сайра);Подача заявок
44-ФЗ;№0816500000623009425;Электронный аукцион;Поставка кацелярских товаров;Подача заявок
223-ФЗ;№32312379347;Прочие;Работы по оформлению внешнего вида АЗС (обновление выклейки на стелах, моноколоннах, ТРК и пр.);Подача заявок
223-ФЗ;№32312380592;Прочие;Выполнение работ по текущему ремонту общего имущества многоквартирных домов  в 2023 году. Мероприятие - герметизация стыков стеновых панелей. 1.	пр. Ленинский, д. 45 2.	пр. Ленинский, д. 47А 3.	пр. Ленинский, д. 33А 4.	ул. Комсомольская, д. 38  5.	ул. Ленинградская, д. 7 6.	ул. Ленинградская, д. 9  7.	ул. Ленинградская, д. 13  8.	ул. Орджоникидзе, д. 10 9.	ул. Орджоникидзе, д. 12  10.	ул. Орджоникидзе, д. 12А 11.	ул. Орджоникидзе, д. 16 12.	ул. Орджоникидзе, д. 16А  13.	ул. Михайличенко, д. 8А 14.	ул. Лауреатов, д. 67 15.	ул. Лауреатов, д. 73 16.	ул. Лауреатов, д. 73А 17.	ул. Лауреатов, д. 85А 18.	ул. Лауреатов, д. 76 19.	ул. Талнахская, д. 60 20.	 ул. Надеждинская, д. 1 А  21.	 ул. Надеждинская, д 1 Г  22.	 ул. Надеждинская, д. 2 В  23.	 ул. Надеждинская, д. 8  24.	 ул. Надеждинская, д. 10  25.	 ул. Надеждинская, д. 20  26.	 ул. Надеждинская, д. 22  27.	 ул. Надеждинская, д. 24А  28.	 ул. Норильская, д. 4  29.	 ул. Норильская, д. 12  30.	 ул. Норильская, д. 20  31.	 ул. Первомайская, д. 14 32.	 ул. Первомайская, д. 26 33.	 ул. Первомайская, д. 38 34.	 ул. Первомайская, д. 40А 35.	 ул. Первомайская, д. 52 36.	 ул. Первомайская, д. 56  37.	ул. Победы, д. 15  38.	ул. Победы, д. 9  39.	ул. Строительная, д. 18  40.	ул. Строительная, д. 1Б  41.	ул. Строительная. д. 1В 42.	ул. Строительная, д. 1Г 43.	ул. Строительная, д. 22 44.	 ул. Строительная, д. 24 45.	 ул. Строительная, д. 26 46.	 ул. Шахтерская, д. 11 47.	ул. Шахтерская, д. 11 Б  48.	ул. Шахтерская, д. 24  49.	ул. Школьная, д. 1  50.	ул. Школьная, д. 2  51.	ул. Школьная, д. 3 52.	ул. Школьная, д. 6 53.	 ул. Школьная, д. 15  54.	ул. Школьная, д. 17 ;Подача заявок
44-ФЗ;№0820500000823003017;Электронный аукцион;Поставка бумаги для офисной техники белой;Подача заявок
223-ФЗ;№32312380586;Запрос котировок в электронной форме, участниками которого могут являться только субъекты малого и среднего предпринимательства;Яблоки свежие;Подача заявок
223-ФЗ;№32312381561;Прочие;Оказание услуг по наружному мытью фасадов, дверей, окон, балконных и витражных поверхностей, вывесок, парапетов, отливов, откосов для нужд ООО «Санаторий «Зеленая роща» с 16 мая 2023 по 31 мая 2023 года;Подача заявок
44-ФЗ;№0139300019723000121;Электронный аукцион;Приобретение 1 квартиры по региональной адресной программе «Переселение граждан из многоквартирных домов, признанных до 01.01.2017 в установленном порядке аварийными и подлежащими сносу или реконструкции» на 2019-2025гг. в многоквартирных жилых домах в Прокопьевском городском округе;Подача заявок
223-ФЗ;№32312379698;Аукцион в электронной форме, участниками которого могут являться только субъекты малого и среднего предпринимательства;Поставка расходных материалов к инъекционной системе ;Подача заявок
44-ФЗ;№0338100000323000059;Электронный аукцион;Поставка медицинских изделий (иглы инъекционные, системы для проведения забора крови/внутривенной инфузии, канюли);Определение поставщика завершено
44-ФЗ;№0816500000623008863;Электронный аукцион;Поставка ГСМ;Подача заявок
223-ФЗ;№32312379337;Прочие;Поставка напитков для обеспечения объектов ТБО, расположенных  в г.Омск;Подача заявок
44-ФЗ;№0320100032123000075;Запрос котировок в электронной форме;Заправка картриджа;Определение поставщика завершено
223-ФЗ;№32312381550;Закупка у единственного поставщика (подрядчика, исполнителя);Оказание услуг на розлив сиропа СТМ;Работа комиссии
44-ФЗ;№0816500000623009424;Электронный аукцион;"Поставка эндохирургического комплекса для выполнения операций урологических, гинекологических, хирургических, в комплекте с монитором в целях оснащения объекта: ""Больничный комплекс на 73 койки в г. Вилюйске  (1 очередь - общий блок, хирургическое отделение на 26 коек)""";Подача заявок
44-ФЗ;№0320300101323000028;Запрос котировок в электронной форме;"Услуги по отделке новой мебели; услуги по обивке стульев и мебели для сидения, услуги производства прочей мебели";Определение поставщика завершено
44-ФЗ;№0134200000123002122;Электронный аукцион;Проведение строительного контроля при осуществлении ремонта автомобильной дороги общего пользования Тайшет-Чуна-Братск на участке км 11+000- км 31+000 в Тайшетском районе Иркутской области;Определение поставщика отменено
223-ФЗ;№32312381548;Запрос котировок в электронной форме, участниками которого могут являться только субъекты малого и среднего предпринимательства;"Проведение ремонта противоскользящего покрытия на стадионе: Круговая беговая дорожка, расположенная по адресу: г. Кировград, ул. Свердлова, сооружение 43Б/2.; Универсальная спортивная площадка, расположенная по адресу:  г. Кировград, ул. Свердлова, сооружение 43Б.";Подача заявок
223-ФЗ;№32312380577;Запрос котировок в электронной форме, участниками которого могут являться только субъекты малого и среднего предпринимательства;Поставка канцелярских товаров;Подача заявок
44-ФЗ;№0819300000823000053;Электронный аукцион;Поставка продуктов питания  ;Работа комиссии
44-ФЗ;№0847500000923000705;Запрос котировок в электронной форме;Поставка офисной мебели для нужд министерства внутренней, информационной и молодежной политики Магаданской области;Подача заявок
44-ФЗ;№0178100001923000028;Электронный аукцион;Поставка и установка кондиционеров для нужд районных судов Еврейской автономной области;Определение поставщика завершено
44-ФЗ;№0820500000823002772;Электронный аукцион;Пембролизумаб;Определение поставщика завершено
223-ФЗ;№32312381533;Прочие;Оказание клининговых услуг в корпусах ООО «Санаторий «Зеленая роща» с 16 мая 2023 по 31 мая 2023 года;Подача заявок
44-ФЗ;№0347100011523000010;Запрос котировок в электронной форме;Приборы для контроля прочих физических величин;Подача заявок
223-ФЗ;№32312381531;Прочие;№ 29/2023 Оказание услуг по поставке смазочных материалов (МСК);Подача заявок
223-ФЗ;№32312381530;Закупка у единственного поставщика (подрядчика, исполнителя);Услуги по обеспечению питанием детей летнего оздоровительного лагеря на территории МАОУ СОШ №32 города Тюмени;Работа комиссии
44-ФЗ;№0165300010523000314;Электронный аукцион;Приобретение благоустроенного жилого помещения на территории муниципального образования «Город Томск» в целях предоставления детям-сиротам и детям, оставшимся без попечения родителей, а также лицам из их числа;Подача заявок
223-ФЗ;№32312381527;Прочие;Предоставление услуг общественного питания;Работа комиссии
223-ФЗ;№32312381525;Прочие;№ 30/2023 Оказание услуг по перевозке сотрудников до МСК;Подача заявок
223-ФЗ;№32312381524;Прочие;Премикс 1,0 % П5, витаминно-минеральный для цыплят бройлеров;Подача заявок
223-ФЗ;№32312381520;Запрос котировок в электронной форме, участниками которого могут являться только субъекты малого и среднего предпринимательства;Право заключения договора на поставку асфальтобетонной смеси;Подача заявок
223-ФЗ;№32312380563;Закупка у единственного поставщика (подрядчика, исполнителя);Выполнение работ по разработке проектно-сметной документации по устройству наружного освещения регбийного поля (плоскостного сооружения) расположенного по адресу:                       г. Красноярск, ул. Маерчака, 57;Закупка завершена
44-ФЗ;№0361200015023002919;Электронный аукцион;Оказание услуг по ремонту медицинского оборудования;Подача заявок
223-ФЗ;№32312381517;Запрос котировок в электронной форме, участниками которого могут являться только субъекты малого и среднего предпринимательства;На поставку товаров для творчества;Подача заявок
44-ФЗ;№0338200000423000015;Электронный аукцион;Поставка масел моторных для автомобильной техники ;Подача заявок
223-ФЗ;№32312380555;Прочие;Выполнение работ по монтажу и демонтажу зрительского подиума со сценой с павильоном из фермовой конструкции с тентованной крышей;Подача заявок
44-ФЗ;№0122200002523002116;Электронный аукцион;"Выполнение работ по ремонту объекта ""Автомобильная дорога ""подъезд к с. Ачан"" на участке км 51 - км 52""";Подача заявок
223-ФЗ;№32312379314;Прочие;Право заключения договора на поставку металлопроката черного (Под программу ПСПТЭ) для нужд АО «ДГК» (Лот № 552102-РЕМ ПРОД-2023-ДГК) по результатам предварительного отбора по лоту № 551000-2022-ПО «Металлопрокат черного металла и нержавеющий».;Подача заявок
44-ФЗ;№0822100000623000123;Электронный аукцион;оказание услуг по уборке помещений и прилегающей территории в 2024 году;Подача заявок
223-ФЗ;№32312271747;Прочие;Поставка дизельного топлива с бункеровкой для нужд флота на 3 квартал 2023 года в Республику Саха (Якутия);Подача заявок
223-ФЗ;№32312380546;Прочие;Выполнение работ по ремонту станков;Работа комиссии
44-ФЗ;№0320300021023000015;Электронный аукцион;"Оказание услуг по предоставлению лицензий на использование продуктов СommuniGate Pro 6.3 для нужд МКУ ""УОТОД АММР""";Работа комиссии
44-ФЗ;№0123200000323000951;Открытый конкурс в электронной форме;Оказание услуг по организации  отдыха и оздоровления в детских оздоровительных учреждениях круглосуточного пребывания  детей,  находящихся под опекой (попечительством), детей, находящихся в приемных семьях, обучающихся в общеобразовательных организациях и детей, находящихся в трудной жизненной ситуации проживающих на территории Амурской области;Подача заявок
44-ФЗ;№0320100004023000043;Запрос котировок в электронной форме;Оказание услуги по передаче на условиях простой (неисключительной) лицензии права на использование программного обеспечения – программный сервер для видеоконференцсвязи;Определение поставщика завершено
44-ФЗ;№0320100018723000135;Электронный аукцион;Поставка хлеба не длительного хранения и булочных изделий для нужд Сахалинского высшего морского училища им. Т.Б. Гуженко - филиала МГУ им. адм. Г.И. Невельского.;Подача заявок
223-ФЗ;№32312380535;Запрос предложений в электронной форме, участниками которого могут являться только субъекты малого и среднего предпринимательства;Запрос предложений в электронной форме, участниками которого могут быть только субъекты малого и среднего предпринимательства, по выбору поставщика на право заключения договора на поставку молочной продукции в ассортименте;Подача заявок
44-ФЗ;№0320100004023000042;Электронный аукцион;Оказание услуг по передаче на условиях простой (неисключительной) лицензии прав на использование серверного программного обеспечения к программно-аппаратному комплексу ECSS-10;Определение поставщика завершено
223-ФЗ;№32312381496;Прочие;Масло подсолнечное;Подача заявок
223-ФЗ;№32312369041;Запрос котировок в электронной форме, участниками которого могут являться только субъекты малого и среднего предпринимательства;поставка средств  защиты при пожаре;Подача заявок
44-ФЗ;№0320100004023000044;Электронный аукцион;Выполнение кадастровых работ по подготовке технического плана на объект Дальневосточного таможенного управления;Определение поставщика завершено
44-ФЗ;№1200500015423000001;Открытый конкурс в электронной форме для заключения договора на проведение аудита бухгалтерской (финансовой) отчетности (согласно ч. 4 ст. 5 Федерального закона от 30.12.2008г. № 307-ФЗ);Услуги по проведению финансового аудита бухгалтерской отчетности ;Работа комиссии
44-ФЗ;№0116300027423000009;Запрос котировок в электронной форме;Устройства противопожарной минерализованной полосы на территории ГП «Поселок Сангар»;Работа комиссии
223-ФЗ;№32312380981;Аукцион в электронной форме, участниками которого могут являться только субъекты малого и среднего предпринимательства;выполнение работ по монтажу и пуско-наладке оборудования метеорологического обеспечения полётов гражданской авиации автоматизированной метеорологической информационно-измерительной системы АМИС-РФ для авиаметеорологической станции I разряда Новый Уренгой ;Подача заявок
223-ФЗ;№32312381490;Прочие;Изделия сухарные  ;Подача заявок
44-ФЗ;№0322200012523000012;Запрос котировок в электронной форме;Поставка моющих средств;Подача заявок
44-ФЗ;№0361300003823000050;Электронный аукцион;Поставка поста медицинской сестры;Определение поставщика завершено
44-ФЗ;№0120100008023000007;Электронный аукцион;Работы по ремонту системы отопления Межрайонной ИФНС России №15 по Приморскому краю (ТОРМ «г. Большой Камень) по адресу: Приморский край, г. Большой Камень, ул. Горького, д.7А;Определение поставщика завершено
44-ФЗ;№0816500000623008413;Электронный аукцион;Поставка гарнитуры;Подача заявок
44-ФЗ;№0820500000823002727;Электронный аукцион;Моющие средства;Определение поставщика завершено
44-ФЗ;№0820500000823002728;Электронный аукцион;Моющие средства;Определение поставщика завершено
44-ФЗ;№0816500000623009423;Электронный аукцион;"Поставка лекарственного препарата (МНН: Клозапин) для нужд проживающих ГБУ РС(Я) ""ТСДСОПИ""";Подача заявок
223-ФЗ;№32312380519;Прочие;Поставка электроматериалов;Подача заявок
44-ФЗ;№0316100016123000017;Электронный аукцион;Поставка аккумуляторов ;Подача заявок
223-ФЗ;№32312381482;Закупка у единственного поставщика (подрядчика, исполнителя);Поставка листового металлопроката;Работа комиссии
44-ФЗ;№0888600000123000019;Электронный аукцион;Поставка беспроводных телефонных аппаратов;Подача заявок
223-ФЗ;№32312379639;Прочие;Поставка канцелярских товаров и оборудования;Подача заявок
44-ФЗ;№0322200012523000011;Запрос котировок в электронной форме;Поставка халатов и шапочек хирургических, одноразового использования;Подача заявок
223-ФЗ;№32312379288;Прочие;Оказание услуг по передаче неисключительных прав на использование, установке и настройке Программ, а также по проведению аттестационных мероприятий государственной информационной системы «Единая централизованная информационная система Приморского края по бухгалтерскому учету и отчетности»;Закупка завершена
44-ФЗ;№0816500000623009422;Электронный аукцион;Поставка расходных материалов для лаборатории;Подача заявок
44-ФЗ;№0847500000923000704;Электронный аукцион;Поставка автобусов;Подача заявок
44-ФЗ;№0122300006323000079;Электронный аукцион;Выполнение работ по ямочному ремонту улично-дорожной сети, а также ремонту проезда от улицы Луначарского до дома № 138 по улице Луначарского в городском поселении «Город Николаевск-на-Амуре» Николаевского муниципального района Хабаровского края;Подача заявок
223-ФЗ;№32312379286;Конкурс в электронной форме, участниками которого могут являться только субъекты малого и среднего предпринимательства;Универсальный токарно-винторезный станок 16Р20П (или эквивалент);Подача заявок
223-ФЗ;№32312290742;Прочие;"Запчасти турбин паровых для филиалов ООО «Байкальская энергетическая компания»; ТЭЦ РУСАЛ Ачинск и ООО «Автозаводская ТЭЦ» в 2024 - 2025 г. ";Подача заявок
223-ФЗ;№32312380512;Закупка у единственного поставщика (подрядчика, исполнителя);теплоснабжение и поставка горячей воды;Закупка завершена
44-ФЗ;№0320200021823000038;Запрос котировок в электронной форме;Приобретение комплектов мебели для организации сопровождаемого проживания инвалидов (табурет);Определение поставщика завершено
44-ФЗ;№0320200021823000040;Запрос котировок в электронной форме;Приобретение комплектов мебели для организации сопровождаемого проживания инвалидов (светильники);Определение поставщика завершено
223-ФЗ;№32312379282;Прочие;"Поставка компьютерной и оргтехники для нужд АО ""Военторг-Восток""";Подача заявок
44-ФЗ;№0334300228223000107;Электронный аукцион;Поставка тест - полосок для анализатора Gmate Life;Подача заявок
44-ФЗ;№0138300000423000403;Электронный аукцион;Поставка (приобретение) жилого помещения (квартиры) в целях обеспечения детей-сирот и детей, оставшихся без попечения родителей, лиц из числа детей-сирот и детей, оставшихся без попечения родителей, жилыми помещениями;Подача заявок
223-ФЗ;№32312372574;Запрос котировок в электронной форме, участниками которого могут являться только субъекты малого и среднего предпринимательства;Оказание клининговых услуг;Подача заявок
223-ФЗ;№32312381464;Аукцион в электронной форме, участниками которого могут являться только субъекты малого и среднего предпринимательства;Поставка электротехнической продукции для нужд  АО ТРК «Башкортостан»;Подача заявок
44-ФЗ;№0378200003023000056;Электронный аукцион;Поставка медицинских изделий (пробирки);Подача заявок
223-ФЗ;№32312307856;Конкурс в электронной форме, участниками которого могут являться только субъекты малого и среднего предпринимательства;"207200 выполнение работ: ""Ремонт зданий и сооружений для ""БашРТС-Уфа"" филиала ООО ""БашРТС""";Подача заявок
44-ФЗ;№0116300000323000024;Электронный аукцион;Оказание услуг по разработке проектно–сметной документации на выполнение работ по капитальному ремонту здания МБУК «Нерюнгринский музей истории освоения Южной Якутии им. И.И. Пьянкова»;Подача заявок
44-ФЗ;№0316300056723000008;Электронный аукцион;Приобретение продуктов питания для летнего оздоровительного отдыха лот 2;Работа комиссии
44-ФЗ;№0138300000423000402;Электронный аукцион;Поставка (приобретение) жилого помещения (квартиры) в целях обеспечения детей-сирот и детей, оставшихся без попечения родителей, лиц из числа детей-сирот и детей, оставшихся без попечения родителей, жилыми помещениями;Подача заявок
44-ФЗ;№0316100017923000011;Электронный аукцион;Поставка обмундирования для курсантов (обувь);Работа комиссии
44-ФЗ;№0361300003023000102;Электронный аукцион;Поставка рукояток для видеоэндоскопического комплекса KARL STORZ с электрокоагулятором ELECTROSURGICAL GENERATOR;Подача заявок
223-ФЗ;№32312381447;Прочие;Поставка крышкоделательной машины «Офицер» (или эквивалент) для нужд КП РБ издательство «Мир печати»;Подача заявок
44-ФЗ;№0320300090623000106;Запрос котировок в электронной форме;Медицинские изделия (реагенты диагностические);Определение поставщика завершено
223-ФЗ;№32312380114;Прочие;Поставка электротехнических материалов для нужд ГАУЗ «ДРКБ» МЗ РБ;Работа комиссии
223-ФЗ;№32312380498;Прочие;Выполнение работ по подготовке проектно-сметной документации на капитальный ремонт здания;Подача заявок
44-ФЗ;№0820500000823002693;Электронный аукцион;Реагенты диагностические;Определение поставщика завершено
223-ФЗ;№32312381443;Аукцион в электронной форме, участниками которого могут являться только субъекты малого и среднего предпринимательства;Перенос холодного склада из зоны цеха Бройлеров 3 в зону цеха Переработки, расположенного по адресу: 624285, Свердловская обл., пгт. Рефтинский, АО «Птицефабрика «Рефтинская» ;Подача заявок
223-ФЗ;№32312380490;Аукцион в электронной форме, участниками которого могут являться только субъекты малого и среднего предпринимательства;Поставка свежих овощей и свежей зелени на III-IV квартал 2023 года для нужд ОГАУЗ «ТФМЦ»;Подача заявок
223-ФЗ;№32312277902;Прочие;Поставка многоканального преобразователя;Работа комиссии
44-ФЗ;№0816500000623009421;Электронный аукцион;Поставка расходного материала(шовный материал акушерское отделение)для нужд ГБУ РС(Я) Ленская ЦРБ (ОМС);Подача заявок
223-ФЗ;№32312381433;Запрос котировок в электронной форме, участниками которого могут являться только субъекты малого и среднего предпринимательства;Поставка оргтехники;Подача заявок
223-ФЗ;№32312272152;Прочие;Техническое перевооружение тепловых сетей г. Благовещенск, с заменой трубопровода Ду 530 мм, 820 мм, общей протяженностью 398 м. в двухтрубном исчислении, СП АТС (под программу ПСПТЭ)  ;Подача заявок
223-ФЗ;№32312370226;Прочие;Двигатель модель - ЯМЗ-236Д, мощностью 170 л/с, на бульдозер марки - Т.1101ЯБР.1 (новый, первой комплектности – генератор, пусковое устройство-стартер, сцепление) ;Подача заявок
44-ФЗ;№0822200001523000053;Электронный аукцион;Поставка товаров (порошки и чистящие средства );Подача заявок
223-ФЗ;№32312380488;Запрос котировок в электронной форме, участниками которого могут являться только субъекты малого и среднего предпринимательства;Поставка стоматологических материалов;Подача заявок
44-ФЗ;№0123300007923000080;Электронный аукцион;Оказание услуг по аренде видеокамер;Подача заявок
223-ФЗ;№32312380485;Прочие;оказание услуг по обращению с твердыми коммунальными отходами;Закупка завершена
44-ФЗ;№0891100000423000077;Электронный аукцион;Поставка картриджей для ремонта и обслуживания копировально-множительной техники в рамках государственного оборонного заказа в 2023 году;Подача заявок
44-ФЗ;№0816500000623009420;Электронный аукцион;"Поставка реагентов диагностических (7) для нужд ГБУ РС (Я) ""Нерюнгринская ЦРБ""";Подача заявок
44-ФЗ;№0120100009523000011;Электронный аукцион;Поставка картриджей;Подача заявок
223-ФЗ;№32312381419;Прочие;Поставка бензина;Подача заявок
223-ФЗ;№32312380097;Прочие;Выполнение научно-исследовательской работы по теме: «Комплекс геолого-минералогических исследований и исследование локального изотопного состава серы в геологических образцах»;Работа комиссии
44-ФЗ;№0822200001523000052;Электронный аукцион;Поставка товаров (порошки и чистящие средства );Подача заявок
223-ФЗ;№32312380481;Запрос котировок в электронной форме, участниками которого могут являться только субъекты малого и среднего предпринимательства;Поставка стоматологических материалов и инструментов;Подача заявок
44-ФЗ;№2020700001023000072;Электронный аукцион;Поставка клея для керамогранита и затирки;Подача заявок
44-ФЗ;№0122200002523001946;Электронный аукцион;Поставка кресел офисных;Определение поставщика завершено
44-ФЗ;№0116300009423000041;Электронный аукцион;На поставку кондиционера для нужд комиссии по делам несовершеннолетних и защите их прав при администрации МО «Чурапчинский улус (район)»;Подача заявок
223-ФЗ;№32312381412;Прочие;Поставка бензина;Подача заявок
44-ФЗ;№0361200015023002677;Электронный аукцион;Поставка лекарственных препаратов для медицинского применения;Определение поставщика завершено
44-ФЗ;№0316100016123000016;Электронный аукцион;Поставка мотокос;Подача заявок
44-ФЗ;№0822200001523000051;Электронный аукцион;Поставка шампуня;Подача заявок
223-ФЗ;№32312380476;Запрос котировок в электронной форме, участниками которого могут являться только субъекты малого и среднего предпринимательства;Поставка изделий стоматологических;Подача заявок
44-ФЗ;№0323200013823000003;Запрос котировок в электронной форме;оказание услуг по организации и обеспечению горячим питанием граждан пожилого возраста и инвалидов;Подача заявок
223-ФЗ;№32312379601;Запрос котировок в электронной форме, участниками которого могут являться только субъекты малого и среднего предпринимательства;Поставка дополнительного оборудования для ранее приобретенного Комплекса суточного мониторирования ЭКГ «КАРДИО-Астел» (161-ЗК);Подача заявок
44-ФЗ;№0320300111623000049;Электронный аукцион;Комплектующие к компьютерной технике;Определение поставщика завершено
44-ФЗ;№0361200015023002628;Электронный аукцион;"Поставка медицинских изделий для нужд ГБУЗ ""Курильская ЦРБ""";Определение поставщика завершено
223-ФЗ;№32312381404;Аукцион в электронной форме, участниками которого могут являться только субъекты малого и среднего предпринимательства;Поставка сока;Подача заявок
223-ФЗ;№32312380473;Запрос котировок в электронной форме, участниками которого могут являться только субъекты малого и среднего предпринимательства;Поставка диагностических препаратов;Подача заявок
44-ФЗ;№0120400000223000009;Электронный аукцион;Поставка МФУ (А3, цветной);Подача заявок
223-ФЗ;№32312277559;Прочие;Поставка кранов шаровых, задвижек;Работа комиссии
44-ФЗ;№0820500000823002858;Электронный аукцион;Приобретение и установка комплексов фотовидеофиксации нарушений Правил дорожного движения Российской Федерации;Подача заявок
44-ФЗ;№0361200015023002680;Электронный аукцион;Поставка наборов для дренирования плевральной полости;Определение поставщика завершено
223-ФЗ;№32312380469;Прочие;Запрос предложений в электронной форме № 23-4020 на право заключения договора возмездного оказания услуг по технической поддержке сайта ROSSETI-SIB.RU на базе системы управления контентом для нужд ПАО «Россети Сибирь».;Подача заявок
223-ФЗ;№32312380070;Прочие;Выполнение непредвиденных работ и устранение дефектов на тепломеханическом оборудовании на филиале ТЭЦ-6 в г. Братске;Подача заявок
44-ФЗ;№0817200000323006770;Электронный аукцион;Поставка медицинских изделий (Изделия для лабораторной диагностики);Подача заявок
223-ФЗ;№32312379598;Прочие;«Приобретение авиационного масла Турбоникойл 98 (ТН-98) в количестве 600 литров (30 бочек), для нужд АО «Авиакомпания «Полярные авиалинии»»;Подача заявок
223-ФЗ;№32312380464;Прочие;Поставка нефтепродуктов по топливным картам;Подача заявок
223-ФЗ;№32312379596;Прочие;«Приобретение авиационного масла Турбоникойл 98 (ТН-98) в количестве 600 литров (30 бочек), для нужд АО «Авиакомпания «Полярные авиалинии»»;Подача заявок
223-ФЗ;№32312379592;Прочие;«Приобретение авиационного масла Турбоникойл 98 (ТН-98) в количестве 500 литров (25 бочек), для нужд АО «Авиакомпания «Полярные авиалинии»»;Подача заявок
223-ФЗ;№32312379588;Прочие;«Приобретение авиационного масла Турбоникойл 98 (ТН-98) в количестве 500 литров (25 бочек), для нужд АО «Авиакомпания «Полярные авиалинии»»;Подача заявок
223-ФЗ;№32312379583;Прочие;«Приобретение авиационного масла Турбоникойл 98 (ТН-98) в количестве 500 литров (25 бочек), для нужд АО «Авиакомпания «Полярные авиалинии»»;Подача заявок
223-ФЗ;№32312381390;Аукцион в электронной форме, участниками которого могут являться только субъекты малого и среднего предпринимательства;Закупка лекарственного препарата - Иксабепилон;Подача заявок
44-ФЗ;№0361200015023002626;Электронный аукцион;Поставка расходного материала для видеоэндоскопического комплекса Карл Шторц;Определение поставщика завершено
223-ФЗ;№32312379580;Запрос котировок в электронной форме, участниками которого могут являться только субъекты малого и среднего предпринимательства;«Приобретение авиатехнических изделий – маслорадиатор 1106 в количестве 2 шт. для ВС типа Ан-2, для нужд АО «Авиакомпания «Полярные авиалинии»»;Подача заявок
44-ФЗ;№0122300004123000021;Электронный аукцион;Выполнение работ по текущему ремонту сети водоотведения многоквартирного жилого дома по ул. Строителей 8;Подача заявок
223-ФЗ;№32312380456;Прочие;Поверка трансформаторов тока и напряжения на месте установки;Подача заявок
44-ФЗ;№0812100000123000048;Электронный аукцион;Поставка автомобильного бензина марки АИ-92,95 и дизельного топлива (зимнее, летнее) в г. Кызыле, с. Чаа-Холь Чаа-Хольского района, г. Чадан Дзун-Хемчикского района, с. Хандагайты Овюрского района, с. Мугур-Аксы Монгун-Тайгинского Республики Тыва в рамках государственного оборонного заказа на 2023 год.;Работа комиссии
44-ФЗ;№0816500000623009419;Электронный аукцион;Поставка расходного материала( шовный материал) для нужд ГБУ РС(Я) Ленская ЦРБ (ОМС);Подача заявок
223-ФЗ;№32312379576;Запрос котировок в электронной форме, участниками которого могут являться только субъекты малого и среднего предпринимательства;«Приобретение авиатехнических изделий – тормозное колесо К150 с тормозами Т1500010А в количестве 4 шт. для ВС типа Ан-2, для нужд АО «Авиакомпания «Полярные авиалинии»»;Подача заявок
223-ФЗ;№32312381386;Аукцион в электронной форме, участниками которого могут являться только субъекты малого и среднего предпринимательства;Закупка лекарственного препарата -  Винорелбин;Подача заявок
44-ФЗ;№0361300001523000030;Запрос котировок в электронной форме;Поставка инструментов для артроскопических операций;Подача заявок
223-ФЗ;№32312379574;Запрос котировок в электронной форме, участниками которого могут являться только субъекты малого и среднего предпринимательства;«Приобретение авиатехнических изделий для ВС типа Ан-2 (5 позиций), для нужд АО «Авиакомпания «Полярные авиалинии»»;Подача заявок
44-ФЗ;№0816500000623009418;Электронный аукцион;Поставка медицинского оборудования (Спирометр) (ТФОМС);Подача заявок
223-ФЗ;№32312381381;Прочие;Поставка плазмы свежезамороженной (не для клинического использования);Подача заявок
223-ФЗ;№32312379572;Запрос котировок в электронной форме, участниками которого могут являться только субъекты малого и среднего предпринимательства;«Приобретение авиатехнических изделий для ВС типа Ан-24, Ан-26 (5 позиций), для нужд АО «Авиакомпания «Полярные авиалинии»»;Подача заявок
223-ФЗ;№32312379569;Запрос котировок в электронной форме, участниками которого могут являться только субъекты малого и среднего предпринимательства;«Приобретение авиатехнических изделий – вариометр ВАР-30МК сер.4 в количестве 3 шт. для ВС типа Ан-24, для нужд АО «Авиакомпания «Полярные авиалинии»»;Подача заявок
223-ФЗ;№32211979103;Прочие;258_Работы по строительству (реконструкции) Объекта в объеме Проектной документации (шифр 1310-2019-00) и согласно Техническому заданию Заказчика (приложение № 1 к Договору) полностью оборудованный, смонтированный, подключенный к внешней инфраструктуре, прошедший комплексное опробование, достигший гарантированных эксплуатационных показателей в рамках реализации 1 этапа проекта «Увеличение мощности перевалки угля АО «Дальтрансуголь» до 40 млн. тонн в год».;Работа комиссии
44-ФЗ;№0361300026123000132;Электронный аукцион;"Поставка лекарственного препарата для медицинского применения "" ДИОКСОМЕТИЛТЕТРАГИДРОПИРИМИДИН+СУЛЬФАДИМЕТОКСИН+ТРИМЕКАИН+ХЛОРАМФЕНИКОЛ""";Определение поставщика завершено
223-ФЗ;№32312379567;Запрос котировок в электронной форме, участниками которого могут являться только субъекты малого и среднего предпринимательства;№ 77-23 ИАС ЗК «Приобретение авиатехнических изделий – трехкомпонентный самописец высоты, скорости и перегрузки К3-63 вар.1 в количестве 1 шт. для ВС типа Ан-24, Ан-26, для нужд АО «Авиакомпания «Полярные авиалинии»»;Подача заявок
223-ФЗ;№32312381373;Прочие;Выполнение работ  по ремонту библиотеки МАОУ «СОШ № 6» ;Подача заявок
223-ФЗ;№32312379565;Запрос котировок в электронной форме, участниками которого могут являться только субъекты малого и среднего предпринимательства;«Приобретение авиатехнических изделий – антенна АМ-01 черт. номер 2.092.240 в количестве 5 шт. для ВС типа Ан-24, для нужд АО «Авиакомпания «Полярные авиалинии»»;Подача заявок
223-ФЗ;№32312378613;Прочие;Поставка металлопроката;Подача заявок
44-ФЗ;№0816500000623009417;Электронный аукцион;Поставка расходных материалов для стоматологии на 2023 год (материал пломбировочный, лечебная подкладка);Подача заявок
223-ФЗ;№32312379564;Запрос котировок в электронной форме, участниками которого могут являться только субъекты малого и среднего предпринимательства;«Приобретение авиатехнических изделий – автоматический радиокомпас с пультом АРК-11 в количестве 1 шт. для ВС типа Ан-24, для нужд АО «Авиакомпания «Полярные авиалинии»»;Подача заявок
44-ФЗ;№0361300026123000131;Электронный аукцион;"Поставка лекарственного препарата для медицинского применения ""ФОЛИЕВАЯ КИСЛОТА""";Определение поставщика завершено
223-ФЗ;№32312371846;Прочие;Оказание комплексной услуги аутсорсинга для обеспечения работников предприятия спецодеждой, спецобувью и другими средствами индивидуальной защиты, смывающих и/ или обезвреживающих средств в ООО «АСТ»;Подача заявок
223-ФЗ;№32312379562;Запрос котировок в электронной форме, участниками которого могут являться только субъекты малого и среднего предпринимательства;«Приобретение авиатехнических изделий – электромеханизм МВР-2В 2 серии в количестве 1 шт. для ВС типа Ан-26, для нужд АО «Авиакомпания «Полярные авиалинии»»;Подача заявок
223-ФЗ;№32312379560;Запрос котировок в электронной форме, участниками которого могут являться только субъекты малого и среднего предпринимательства;«Приобретение авиатехнических изделий – калорифер Сб.2437-2-1 в количестве 1 комплект для ВС типа Ми-8, для нужд АО «Авиакомпания «Полярные авиалинии»»;Подача заявок
44-ФЗ;№0361200015023002918;Электронный аукцион;Поставка расходного материала для центрального стерилизационного отделения;Подача заявок
44-ФЗ;№0361300026123000130;Электронный аукцион;"Поставка реагентов лабораторного назначения ""Treponema pallidum общие антитела ИВД""";Определение поставщика завершено
44-ФЗ;№0816500000623008730;Электронный аукцион;Оказание образовательных услуг;Подача заявок
223-ФЗ;№32312379199;Запрос котировок в электронной форме, участниками которого могут являться только субъекты малого и среднего предпринимательства;ОКПД2 Поставка фитингов резервуара очищенной воды, БНС в рамках комплекса генподрядных работ для реализации проекта «Строительство Хабаровской ТЭЦ-4 с внеплощадочной инфраструктурой» Этап 2, 3.  (Лот № 0329-КС ДОХ-2023-УСГС);Подача заявок
223-ФЗ;№32312358193;Аукцион в электронной форме, участниками которого могут являться только субъекты малого и среднего предпринимательства;Общество с ограниченной ответственностью «Пермский краевой экологический оператор» (ООО «ПКЭО») настоящим извещает Вас о проведении открытого аукциона среди субъектов малого и среднего предпринимательства на оказание услуг по аренде легкового автомобиля без водителя для нужд ООО «ПКЭО» в электронной форме.;Подача заявок
44-ФЗ;№0320200021823000039;Запрос котировок в электронной форме;Приобретение комплектов мебели для организации сопровождаемого проживания инвалидов (часть 2);Определение поставщика завершено
223-ФЗ;№32312381357;Запрос предложений в электронной форме, участниками которого могут являться только субъекты малого и среднего предпринимательства;Выполнение работ по текущему ремонту мужского туалета на первом этаже и лестничного ограждения трибун спортивного зала Физкультурно-оздоровительного комплекса, назначение: нежилое, площадь: 9784,4 кв.м., количество этажей: 4, в том числе подземных 1, кадастровый номер: 72:23:0216005:7131, расположенного по адресу: Российская Федерация, Тюменская область, город Тюмень, улица Орджоникидзе, дом 60;Подача заявок
44-ФЗ;№0361300026123000129;Электронный аукцион;Поставка наборов реагентов для полуавтоматического биохимического анализатора Clima MC-15;Определение поставщика завершено
44-ФЗ;№0361200015023002917;Электронный аукцион;Поставка расходного материала для видеоэндоскопического комплекса Карл Шторц;Подача заявок
44-ФЗ;№0320200004223000185;Запрос котировок в электронной форме;Изделия крепежные;Определение поставщика завершено
223-ФЗ;№32312381353;Прочие; Железа [III] гидроксид полимальтозат Феррум Лек® 10шт №5 ;Подача заявок
223-ФЗ;№32312381349;Прочие;Выполнение работ по ремонту полового покрытия;Подача заявок
223-ФЗ;№32312303931;Запрос предложений в электронной форме, участниками которого могут являться только субъекты малого и среднего предпринимательства;Поставка строительных расходных материалов;Подача заявок
44-ФЗ;№0391100002023000036;Открытый конкурс в электронной форме;Выполнение работ по содержанию линий искусственного электроосвещения на автомобильной дороге общего пользования федерального значения А-350 Чита - Забайкальск - граница с Китайской Народной Республикой на участке км 36+860 - км 44+805, км 241+481 - км 242+967;Определение поставщика отменено
223-ФЗ;№32312379185;Прочие;Поставка сублимированной продукции  для обеспечения объектов ТБО,расположенных в г.Улан-Удэ и г. Иркутск-45;Подача заявок
44-ФЗ;№0338300007423000129;Электронный аукцион;Передача неисключительных лицензионных прав на программное обеспечение и средства защиты ;Определение поставщика завершено
44-ФЗ;№0122200002523002115;Электронный аукцион;Поставка наборов реагентов для анализатора биохимического BS-480;Подача заявок
44-ФЗ;№0338200002223000187;Электронный аукцион;Поставка лекарственных препаратов для медицинского применения олапариб;Подача заявок
44-ФЗ;№0138100002323000014;Электронный аукцион;Оказание услуг подвижной спутниковой радиосвязи;Подача заявок
44-ФЗ;№0161200001823000058;Электронный аукцион;Поставка источника бесперебойного питания;Определение поставщика завершено
223-ФЗ;№32312381341;Аукцион в электронной форме, участниками которого могут являться только субъекты малого и среднего предпринимательства;Закупка изделий медицинского назначения (набор реагентов для КДЛ);Подача заявок
223-ФЗ;№32312381340;Запрос предложений в электронной форме, участниками которого могут являться только субъекты малого и среднего предпринимательства;Право заключения договора на поставку зап. частей к выключателям/разъединителям;Подача заявок
44-ФЗ;№0361200015023002652;Электронный аукцион;Поставка дезинфицирующих средств;Определение поставщика завершено
44-ФЗ;№0178600000223000001;Электронный аукцион;Проведение комплексных кадастровых работ в границах кадастровых кварталов, расположенных на территории муниципального района;Подача заявок
223-ФЗ;№32312381339;Аукцион в электронной форме, участниками которого могут являться только субъекты малого и среднего предпринимательства;Закупка изделий медицинского назначения (порт имплантируемый);Подача заявок
44-ФЗ;№0320100014723000016;Электронный аукцион;"Олифа; Эмаль белая ПФ-115 20кг; Эмаль ПФ-266 20кг; Цемент (мешок 50кг); Песок; Труба профильная 25*25*2 (в рамках капитального ремонта)";Подача заявок
223-ФЗ;№32312381337;Прочие;Демонтаж, изготовление и установка ограждения;Подача заявок
223-ФЗ;№32312380001;Запрос котировок в электронной форме, участниками которого могут являться только субъекты малого и среднего предпринимательства;Оказание охранных услуг в зданиях и на прилегающих к зданиям территориях Государственного автономного профессионального образовательного учреждения Республики Бурятия «Колледж искусств им. П.И. Чайковского»;Подача заявок
44-ФЗ;№0816500000623008635;Электронный аукцион;Поставка расходных материалов (тонер-картриджи оригинальные);Подача заявок
223-ФЗ;№32312381332;Прочие;Поставка, сборка, расстановка, установка (монтаж) демонстрационных панелей и тематических модулей с многофункциональными поверхностями;Подача заявок
44-ФЗ;№0191100009423000019;Электронный аукцион;Поставка стендов;Подача заявок
223-ФЗ;№32312379993;Конкурс в электронной форме, участниками которого могут являться только субъекты малого и среднего предпринимательства;"Выполнение комплекса работ:- проведение историко-культурной экспертизы земельных участков, путем проведения археологической разведки для строительства объектов электросетевого хозяйства в Ольхонском районе;- проведение археологических исследований с целью уточнения предмета охраны, состояния культурного слоя ОАН «Стоянка Тамара 1» в Баяндаевском районе";Подача заявок
223-ФЗ;№32312381329;Аукцион в электронной форме, участниками которого могут являться только субъекты малого и среднего предпринимательства;Поставка спортивного инвентаря;Подача заявок
44-ФЗ;№0122200002523002114;Электронный аукцион;Поставка реагентов к анализатору биохимическому АU 480;Подача заявок
223-ФЗ;№32312380418;Запрос котировок в электронной форме, участниками которого могут являться только субъекты малого и среднего предпринимательства;Поставка государственных стандартных образцов;Подача заявок
44-ФЗ;№0361200015023002916;Электронный аукцион;Поставка лекарственного препарата для медицинского применения, ДЕКСТРОЗА+КАЛИЯ ХЛОРИД+КАЛЬЦИЯ ХЛОРИД+МАГНИЯ ХЛОРИД+НАТРИЯ ХЛОРИД+ЯБЛОЧНАЯ КИСЛОТА;Подача заявок
223-ФЗ;№32312379170;Прочие;Поставка бревен пихтовых для распиловки;Закупка завершена
223-ФЗ;№32312381326;Аукцион в электронной форме, участниками которого могут являться только субъекты малого и среднего предпринимательства;Поставка консервированной продукции;Подача заявок
44-ФЗ;№0134300095623000196;Запрос котировок в электронной форме;Периферийное оборудование;Подача заявок
223-ФЗ;№32312380414;Запрос котировок в электронной форме, участниками которого могут являться только субъекты малого и среднего предпринимательства;Поставка мебели для сидения;Подача заявок
44-ФЗ;№2020700001023000071;Электронный аукцион;Поставка керамогранита ;Подача заявок
44-ФЗ;№0361200015023002915;Электронный аукцион;Поставка лекарственного препарата для медицинского применения (Изониазид+Пиридоксин);Подача заявок
223-ФЗ;№32312381317;Прочие;Замена термоузла;Работа комиссии
44-ФЗ;№0816500000623009416;Электронный аукцион;Поставка расходных материалов (Полотенце бумажное) для нужд Заказчика (ТФОМС);Подача заявок
44-ФЗ;№0338300003323000087;Электронный аукцион;Приобретение мешков патологоанатомических для ГБУЗ КК ВГБ.;Подача заявок
223-ФЗ;№32312379978;Прочие;"Заключение дополнительного соглашения к договору № К-23-00465/2023.58975 от 11.04.2023 на выполнение работ по капитальному ремонту сети водопровода по адресу: г. Иркутск, мкр-н ""Зелёный"", заключенного между МУП «Водоканал» г. Иркутска и ООО «А-Строй»";Закупка завершена
44-ФЗ;№0338200008623000090;Электронный аукцион;Поставка лекарственных препаратов для медицинского применения различных групп (2);Подача заявок
44-ФЗ;№0391100002023000037;Открытый конкурс в электронной форме;Установка информационных щитов, делиниаторов, металлического барьерного ограждения на автомобильных дорогах  общего пользования федерального значения на территории Забайкальского края ;Определение поставщика отменено
44-ФЗ;№0322200016923000308;Запрос котировок в электронной форме;Оказание услуг по ремонту медицинских изделий: Бронхофиброскоп FB-18V;Определение поставщика завершено
44-ФЗ;№0120300013723000043;Электронный аукцион;Оказание услуг по отлову  животных без владельцев, в том числе их транспортировке и немедленной передаче в приюты для животных, содержанию в приютах для животных, возврату потерявшихся животных их владельцам, возврату животных без владельцев на прежние места их обитания;Подача заявок
223-ФЗ;№32312380408;Прочие;Поставка книжной продукции;Закупка завершена
223-ФЗ;№32312381309;Запрос котировок в электронной форме, участниками которого могут являться только субъекты малого и среднего предпринимательства;Поставка компьютеров и периферии;Подача заявок
223-ФЗ;№32312381307;Прочие;Железа [III] гидроксид полимальтозат Феррум Лек® 10шт №3;Подача заявок
44-ФЗ;№0361200015023002914;Электронный аукцион;Поставка расходных материалов для анализатора Cobas C 501;Подача заявок
223-ФЗ;№32312376511;Конкурс в электронной форме, участниками которого могут являться только субъекты малого и среднего предпринимательства;"Капитальный ремонт помещений производственного корпуса  ГАПОУ ""ОКЭИ"" , расположенного по адресу: г.Оренбург, ул.Чкалова д.11, в рамках реализации федерального проекта ""Профессионалитет""";Подача заявок
223-ФЗ;№32312381305;Прочие;Поставка борцовского ковра для самбо;Работа комиссии
44-ФЗ;№0122200002523001947;Электронный аукцион;Поставка одноразовой посуды;Определение поставщика завершено
223-ФЗ;№32312381303;Аукцион в электронной форме, участниками которого могут являться только субъекты малого и среднего предпринимательства;Поставка бакалеи;Подача заявок
44-ФЗ;№0320100025423000031;Электронный аукцион;Санаторно-курортное лечение судей в отставке Приморского краевого суда;Подача заявок
44-ФЗ;№0320100023823000018;Электронный аукцион на проведение работ по строительству, реконструкции, кап. ремонту, сносу объекта кап. строительства в соответствии с п. 8 ч. 1 ст. 33 Закона № 44-ФЗ;Выполнение работ по капитальному ремонту служебной квартиры Уссурийской таможни, расположенной по адресу:  Приморский край,  г. Арсеньев, пр. Горького, д. 16 кв. 17;Определение поставщика завершено
223-ФЗ;№32312380400;Прочие;Поставка бумаги для офисной техники и теплочувствительной бумаги  для нужд ГАУ НСО «МФЦ»;Подача заявок
44-ФЗ;№0361200015023002913;Электронный аукцион;Поставка расходных материалов медицинского назначения для отделения радиотерапии;Подача заявок
44-ФЗ;№0820500000823002756;Электронный аукцион на проведение работ по строительству, реконструкции, кап. ремонту, сносу объекта кап. строительства в соответствии с п. 8 ч. 1 ст. 33 Закона № 44-ФЗ;Капитальный ремонт кровли здания главного корпуса филиала КГБУЗ «Хорольская ЦРБ» в пгт Ярославский, ул. Ленинская,22 Хорольского района, Приморского края;Определение поставщика завершено
44-ФЗ;№0391100002023000038;Открытый конкурс в электронной форме;Установка стационарного электроосвещения, светофоров с кнопкой вызова на пешеходных переходах, табло переменной информации на автомобильных дорогах  общего пользования федерального значения на территории Забайкальского края ;Определение поставщика отменено
44-ФЗ;№0320200004223000187;Запрос котировок в электронной форме;Сантехнические материалы;Определение поставщика завершено
44-ФЗ;№0123200000323000950;Электронный аукцион;Поставка расходных материалов, совместимых с установкой Аквалаб-1 (AL-1), имеющейся у Заказчика;Подача заявок
223-ФЗ;№32312380398;Конкурс в электронной форме, участниками которого могут являться только субъекты малого и среднего предпринимательства;Выполнение работ  на объекте: «Периметр сооружения насосной станции 5-го подъема, инв. № 25742 НФС-3 (Периметральная сигнализация)» ;Подача заявок
44-ФЗ;№0320200025723000060;Запрос котировок в электронной форме;"Оказание  услуг по изготовлению и поставке сувенирной  для КГКУ ""ПЦЗН"" (Флажок)";Подача заявок
44-ФЗ;№0834300022023000117;Электронный аукцион;Поставка подарочных сертификатов;Подача заявок
223-ФЗ;№32312379510;Прочие;"Энергоснабжение в филиале ""Аэропорт Батагай"" ФКП ""Аэропорты Севера""";Закупка завершена
223-ФЗ;№32312381295;Аукцион в электронной форме, участниками которого могут являться только субъекты малого и среднего предпринимательства;Транспортные услуги по пассажирским перевозкам работников ГАУК СО УрЦНИ;Подача заявок
223-ФЗ;№32312381293;Прочие;Шрот соевый тостированный. (9084);Подача заявок
223-ФЗ;№32312380393;Запрос котировок в электронной форме, участниками которого могут являться только субъекты малого и среднего предпринимательства;Поставка стоматологических расходных материалов ;Подача заявок
44-ФЗ;№0178100001523000010;Электронный аукцион;"Поставка расходных материалов для принтеров и МФУ в рамках ИКТ; Поставка расходных материалов для принтеров и МФУ в рамках ИКТ";Подача заявок
44-ФЗ;№0361300009123000237;Электронный аукцион;Приобретение жилого помещения (квартиры) на первичном рынке муниципального образования ''Холмский городской округ'';Определение поставщика завершено
223-ФЗ;№32312381284;Прочие;Право заключения договора подряда на выполнение строительно-монтажных работ по объекту: СМР. Строительство ТП 6/0,4кВ, ВЛЗ-6кВ от ВЛ-6 кВ Северо-Западная, ВЛИ-0,4кВ от проектируемой ТП 6кВ, г.Коркино  Еманжелинский РЭС (ВЛ-6 кВ - 0,25 км, ВЛ-0,4 кВ - 0,2 км, ТП-0,25 МВА).;Подача заявок
44-ФЗ;№0347100011523000009;Запрос котировок в электронной форме;Трубы напорные из термопластов, фитинги и подмотка для труб;Подача заявок
44-ФЗ;№0361300009123000236;Электронный аукцион;Приобретение жилого помещения (квартиры) на первичном рынке муниципального образования ''Холмский городской округ'';Определение поставщика завершено
223-ФЗ;№32312379141;Прочие;Поставка расходных материалов для Яковлевской СББЖ;Закупка отменена
44-ФЗ;№0334300000323000049;Электронный аукцион;поставка хозяйственных товаров;Подача заявок
44-ФЗ;№0361300009123000235;Электронный аукцион;Приобретение жилого помещения (квартиры) на первичном рынке муниципального образования ''Холмский городской округ'';Определение поставщика завершено
44-ФЗ;№0361300009123000234;Электронный аукцион;Приобретение жилого помещения (квартиры) на первичном рынке муниципального образования ''Холмский городской округ'';Определение поставщика завершено
44-ФЗ;№0361300009123000238;Электронный аукцион;Приобретение жилого помещения (квартиры) на первичном рынке муниципального образования ''Холмский городской округ'';Определение поставщика завершено
44-ФЗ;№0361300009123000233;Электронный аукцион;Приобретение жилого помещения (квартиры) на первичном рынке муниципального образования ''Холмский городской округ'';Определение поставщика завершено
44-ФЗ;№0361300009123000240;Электронный аукцион;Приобретение жилого помещения (квартиры) на первичном рынке муниципального образования ''Холмский городской округ'';Определение поставщика завершено
44-ФЗ;№0816500000623008638;Электронный аукцион;Поставка линолеума;Подача заявок
44-ФЗ;№0361300009123000239;Электронный аукцион;Приобретение жилого помещения (квартиры) на первичном рынке муниципального образования ''Холмский городской округ'';Определение поставщика завершено
44-ФЗ;№0361300009123000242;Электронный аукцион;Приобретение жилого помещения (квартиры) на первичном рынке муниципального образования ''Холмский городской округ'';Определение поставщика завершено
44-ФЗ;№0361300009123000229;Электронный аукцион;Приобретение жилого помещения (квартиры) на первичном рынке муниципального образования ''Холмский городской округ'';Определение поставщика завершено
44-ФЗ;№0122200002523002113;Электронный аукцион;Поставка лейкопластырей для поверхностных ран, антибактериальных;Подача заявок
44-ФЗ;№0322300000423000040;Запрос котировок в электронной форме;Оказание услуг по техническому обслуживанию кондиционеров;Подача заявок
44-ФЗ;№0322200016923000332;Запрос котировок в электронной форме;Поставка изделий медицинского назначения: Держатель/электрод эндоскопический электрохирургический, биполярный, одноразового использования;Подача заявок
44-ФЗ;№0816500000623009415;Запрос котировок в электронной форме;Поставка средств измерений;Подача заявок
44-ФЗ;№0847500000923000629;Электронный аукцион;Поставка мягкого инвентаря для нужд ГКУ «Магаданский областной детский дом»;Определение поставщика завершено
44-ФЗ;№0822600006723000118;Электронный аукцион;Выполнение работ по замене оконных блоков в здании МБДОУ №2 с. Некрасовка Хабаровского муниципального района Хабаровского края;Определение поставщика завершено
223-ФЗ;№32312379936;Прочие;поставка наборов для катетеризации центральных вен для отделения анестезиологии и реанимации;Работа комиссии
44-ФЗ;№0122200002523002112;Электронный аукцион;Поставка бумаги для офисной техники белой;Подача заявок
44-ФЗ;№0851200000623003159;Электронный аукцион;Поставка грузового автомобиля.;Подача заявок
223-ФЗ;№32312381269;Запрос котировок в электронной форме, участниками которого могут являться только субъекты малого и среднего предпринимательства;Проведение аудита бухгалтерской (финансовой) отчётности МУП «Варненское ЖКО» за 2022 год;Подача заявок
44-ФЗ;№0861600001523000083;Запрос котировок в электронной форме;Оказание услуг по обеспечению пассажирских перевозок на о.Шикотан в 2023;Подача заявок
44-ФЗ;№0122100005523000041;Запрос котировок в электронной форме;Поставка систем тревожных сигнализаций (тревожных кнопок), включающих монтаж и пуско-наладочные работы в административных зданиях Камчатского ЛО МВД России на транспорте;Подача заявок
44-ФЗ;№0320200004223000188;Запрос котировок в электронной форме;Изделия медицинского назначения для патологоанатомического отделения;Определение поставщика завершено
44-ФЗ;№0322200016923000331;Запрос котировок в электронной форме;Поставка изделий медицинского назначения: Набор трубок  к системе хирургической для аспирации/ирригации;Подача заявок
44-ФЗ;№0834300022023000116;Электронный аукцион;Поставка наградной продукции (наклейка);Подача заявок
44-ФЗ;№0320200004223000186;Запрос котировок в электронной форме;Сантехнические материалы (2);Определение поставщика завершено
223-ФЗ;№32312379933;Запрос котировок в электронной форме, участниками которого могут являться только субъекты малого и среднего предпринимательства;Оказание услуг по заправке и восстановлению картриджей ;Подача заявок
223-ФЗ;№32312379932;Закупка у единственного поставщика (подрядчика, исполнителя);"Услуги по предоставлению сценического комплекса, сценического оборудования и технического оснащения мероприятия ""День Победы в Великой Отечественной войне"" ";Работа комиссии
44-ФЗ;№0847500000923000628;Электронный аукцион;Поставка изделий медицинского назначения (простыни) для нужд ГБУЗ «Магаданский областной диспансер фтизиатрии и инфекционных заболеваний»;Определение поставщика завершено
223-ФЗ;№32312379126;Запрос котировок в электронной форме, участниками которого могут являться только субъекты малого и среднего предпринимательства;поставка гусеница широкая короткая (ОШ) 216 звеньев комплект;Подача заявок
44-ФЗ;№0361300028523000004;Электронный аукцион;Приобретение топлива для дизельных генераторов;Подача заявок
223-ФЗ;№32312381262;Запрос котировок в электронной форме, участниками которого могут являться только субъекты малого и среднего предпринимательства;267зт02-23. Поставка медицинских изделий (лезвия для аутопсии, рукоятки, лезвия для микротома);Подача заявок
223-ФЗ;№32312381258;Запрос котировок в электронной форме, участниками которого могут являться только субъекты малого и среднего предпринимательства;266зт11-23. Поставка медицинских изделий (комплект для имплантации двухкамерного электрокардиостимулятора);Подача заявок
44-ФЗ;№0847500000923000627;Электронный аукцион;Поставка масок медицинских для нужд ГБУЗ «Магаданский областной диспансер фтизиатрии и инфекционных заболеваний»;Определение поставщика завершено
223-ФЗ;№32312381256;Прочие;Шрот соевый тостированный. (9083);Подача заявок
223-ФЗ;№32312380370;Прочие;Поставка центрифуги лабораторной в 2023г.;Закупка завершена
44-ФЗ;№0122200002523002111;Электронный аукцион;Поставка шприцев общего назначения;Подача заявок
223-ФЗ;№32312381254;Прочие;260зт02-23. Поставка комплектов белья из нетканых материалов (для лапароскопии);Подача заявок
